month,EURUSD,USDJPY,USDCHF,GBPUSD,USDDKK,EUR3M,JPY3M,CHF3M,GBP3M,DKK3M,EUR12M,JPY12M,CHF12M,DKK12M,EUBS3,EUBS5,JYBS3,JYBS5,SFBS3,SFBS5,BPBS3,BPBS5,DKBS3,DKBS5,USSO3,EUSWEC,JYSO3S,NDDUWI,LGTRTRUU,EURUSD basis swap 3m,EURUSD basis swap 5,USD OIS 3m,EUR OIS 3m
2010-01-31,1.3863,90.27,1.0606,1.5986,5.3707,-3.28,-3.65,-5.67,-10.4,65.26,-34.0,-37.02,-35.2,323.0,,,,,,,,,,,,0.3655,0.53,2680.472,190.9851,,,,
2010-02-28,1.3631,88.97,1.0735,1.5238,5.4608,-1.81,-4.33,-6.63,-9.06,66.69,-13.2,-35.0,-38.6,253.0,,,,,,,,,,,,0.3655,0.53,2718.258,191.4753,,,,
2010-03-31,1.351,93.47,1.0539,1.5184,5.5107,0.61,-4.94,-8.03,-8.25,39.08,1.13,-43.75,-42.55,141.35,,,,,,,,,,,,0.372,0.53,2886.601,188.5217,,,,
2010-04-30,1.3294,93.85,1.0776,1.5274,5.5982,2.95,-8.93,-12.79,-5.7,26.38,9.91,-60.65,-57.6,79.76,,,,,,,,,,,,0.438,0.53,2887.006,188.0702,,,,
2010-05-31,1.2306,91.27,1.1549,1.4538,6.0454,12.96,-13.76,-29.45,3.25,-59.13,50.7,-82.55,-149.86,-217.0,,,,,,,,,,,,0.397,0.54,2610.465,185.9364,,,,
2010-06-30,1.2238,88.43,1.0774,1.4945,6.0871,6.38,-14.01,-19.33,-0.65,-22.5,24.55,-70.25,-96.4,-91.0,,,,,,,,,,,,0.492,0.5,2520.962,189.2026,,,,
2010-07-31,1.3052,86.47,1.0412,1.5689,5.7096,-2.78,-7.38,-10.4,-6.72,1.87,-22.46,-41.5,-40.07,89.0,,,,,,,,,,,,0.5465,0.47,2725.344,196.1274,,,,
2010-08-31,1.268,84.2,1.0151,1.5348,5.8712,-1.99,-8.59,-8.59,-9.25,0.75,-8.55,-47.65,-43.5,34.0,,,,,,,,,,,,0.492,0.43,2623.593,199.9613,,,,
2010-09-30,1.3634,83.53,0.9825,1.5716,5.4659,-9.95,-9.0,-9.0,-10.05,19.9,-49.68,-47.2,-39.26,180.0,,,,,,,,,,,,0.706,0.4,2868.232,204.9613,,,,
2010-10-31,1.3947,80.4,0.9824,1.6038,5.3468,-17.2,-7.35,-6.83,-12.3,48.5,-88.6,-40.5,-28.08,347.0,,,,,,,,,,,,0.821,0.39,2975.147,207.8658,,,,
2010-11-30,1.2983,83.69,1.0034,1.5562,5.7411,-5.09,-11.06,-16.45,-8.91,-3.5,-11.9,-68.28,-80.91,63.3,,,,,,,,,,,,0.702,0.44,2910.915,198.1867,,,,
2010-12-31,1.3384,81.12,0.9352,1.5612,5.5684,-4.03,-7.97,-10.23,-11.08,19.48,-22.85,-47.93,-50.75,107.0,,,,,,,,,,,,0.6005,0.43,3124.941,201.7201,,,,
2011-01-31,1.3694,82.04,0.944,1.6014,5.4434,-15.27,-6.08,-8.15,-11.7,48.02,-90.61,-44.5,-38.4,362.25,,,,,,,,,,,,0.871,0.48,3195.54,201.6531,,,,
2011-02-28,1.3806,81.78,0.9289,1.6257,5.4011,-16.81,-5.6,-7.88,-16.25,47.6,-108.88,-39.5,-26.89,408.0,,,,,,,,,,,,0.848,0.51,3307.424,202.4045,,,,
2011-03-31,1.4158,83.13,0.919,1.6028,5.2663,-26.08,-5.03,-5.84,-20.7,89.53,-140.42,-41.4,-23.0,523.9,,,,,,,,,,,,1.024,0.45,3274.807,203.1104,,,,
2011-04-30,1.4807,81.19,0.8653,1.6707,5.0371,-38.5,-4.03,-4.25,-20.42,106.89,-186.3,-33.0,-5.51,610.05,,,,,,,,,,,,1.223,0.4,3413.929,209.8926,,,,
2011-05-31,1.4396,81.52,0.854,1.6448,5.1785,-33.98,-3.25,-5.2,-19.12,100.01,-159.46,-30.51,-23.0,544.33,-22.25,-17.5,-41.5,-48.75,-25.75,-30.0,3.25,3.8,-41.5,-35.5,0.845,1.154,0.42,3343.106,209.5041,,,,
2011-06-30,1.4502,80.56,0.8404,1.6053,5.1433,-37.84,-4.31,-5.42,-18.0,114.87,-161.28,-37.0,-31.5,535.0,-23.0,-20.0,-42.0,-47.8,-22.5,-26.8,2.75,3.75,-44.0,-38.0,0.881,1.345,0.43,3290.219,209.9323,,,,
2011-07-31,1.4398,76.76,0.7855,1.6426,5.1741,-32.38,-7.86,-10.36,-16.11,112.53,-126.37,-42.15,-41.22,395.5,-29.25,-24.0,-47.5,-52.0,-23.3,-27.5,0.75,1.25,-50.0,-41.0,0.514,1.248,0.39,3230.56,214.9518,,,,
2011-08-31,1.4369,76.66,0.806,1.625,5.1842,-15.15,-6.54,-22.98,-16.73,46.19,-60.13,-44.05,-87.65,168.92,-33.75,-26.75,-56.0,-61.375,-40.0,-39.0,-1.5,-1.5,-53.3,-43.5,0.275,0.901,0.35,3002.944,219.2547,,,,
2011-09-30,1.3387,77.06,0.9082,1.5584,5.5585,-4.22,-10.72,-17.46,-13.56,-7.57,-3.25,-53.5,-86.31,-116.0,-52.0,-39.25,-60.5,-66.0,-38.0,-38.0,-8.0,-7.425,-67.0,-52.5,0.313,0.742,0.38,2743.578,214.4509,,,,
2011-10-31,1.3858,78.17,0.877,1.6087,5.3695,-7.77,-13.88,-15.59,-15.57,39.45,-10.24,-61.82,-84.24,17.5,-47.5,-38.125,-67.0,-72.0,-48.0,-49.0,-4.0,-5.8,-65.0,-55.0,0.274,0.778,0.37,3027.365,215.8691,,,,
2011-11-30,1.3446,77.62,0.9132,1.5704,5.5305,10.6,-14.44,-22.07,-12.99,-75.0,42.23,-68.7,-98.96,-322.66,-65.75,-55.75,-81.0,-85.25,-60.0,-64.0,-12.0,-18.5,-78.0,-69.0,0.29,0.4895,0.42,2953.45,212.7281,,,,
2011-12-31,1.2961,76.91,0.9381,1.5543,5.734,11.18,-13.22,-18.52,-13.6,-64.89,76.37,-70.5,-99.16,-438.5,-78.5,-66.75,-85.75,-94.125,-49.5,-55.0,-4.75,-9.0,-79.0,-70.0,0.309,0.391,0.39,2951.809,214.4933,,,,
2012-01-31,1.3084,76.27,0.9202,1.576,5.6818,4.41,-8.56,-14.29,-11.77,-45.32,33.32,-47.75,-71.63,-229.0,-54.5,-47.75,-65.0,-78.0,-41.8,-50.5,-3.0,-2.25,-64.4,-57.0,0.211,0.361,0.37,3099.94,217.8945,,,,
2012-02-29,1.3325,81.15,0.9044,1.5917,5.5798,6.16,-6.98,-10.19,-11.24,-37.48,35.05,-46.4,-64.61,-208.6,-45.75,-37.0,-59.0,-72.0,-37.5,-41.0,-6.0,-2.0,-60.0,-49.5,0.326,0.3465,0.36,3251.368,215.7969,,,,
2012-03-31,1.3343,82.87,0.9025,1.6008,5.5765,6.62,-6.96,-10.13,-9.79,-40.99,32.1,-44.1,-52.37,-179.5,-42.5,-37.0,-55.25,-67.0,-34.0,-38.0,-7.25,-1.25,-60.0,-50.0,0.394,0.3605,0.39,3293.169,213.4598,,,,
2012-04-30,1.3239,79.82,0.9075,1.6234,5.6194,7.14,-7.17,-10.94,-8.93,-42.0,54.76,-48.55,-61.5,-273.5,-49.75,-42.0,-59.52,-73.5,-38.5,-44.25,-9.25,-2.5,-67.0,-57.0,0.294,0.3125,0.35,3255.772,216.7447,,,,
2012-05-31,1.2365,78.32,0.9713,1.5405,6.0096,9.84,-8.41,-18.71,-6.57,-108.5,81.83,-58.8,-112.71,-590.0,-68.0,-62.0,-74.25,-90.75,-55.0,-61.0,-16.8,-15.3,-89.5,-75.0,0.251,0.272,0.35,2974.721,215.3898,,,,
2012-06-30,1.2667,79.79,0.9485,1.5707,5.8691,11.44,-10.06,-22.63,-3.81,-146.62,60.17,-51.25,-102.04,-562.25,-51.25,-49.15,-64.3,-80.75,-54.0,-55.0,-8.75,-7.3,-75.5,-68.5,0.29,0.239,0.34,3126.299,215.6597,,,,
2012-07-31,1.2304,78.12,0.9764,1.5678,6.0484,14.44,-8.2,-24.95,-0.24,-139.5,64.51,-42.65,-114.15,-551.75,-46.25,-43.25,-59.5,-75.375,-58.5,-55.5,-11.75,-11.3,-67.0,-62.0,0.2,0.056,0.3,3166.489,218.0315,,,,
2012-08-31,1.2579,78.39,0.9549,1.5866,5.9237,13.59,-6.24,-16.77,-4.11,-131.26,61.07,-38.5,-91.58,-511.5,-44.3,-43.5,-57.5,-74.5,-57.0,-56.0,-11.75,-12.5,-64.0,-58.0,0.197,0.0685,0.31,3246.765,219.558,,,,
2012-09-30,1.286,77.96,0.9398,1.6167,5.797,13.11,-7.7,-15.88,-4.0,-120.0,51.56,-37.32,-67.11,-385.0,-30.75,-30.0,-50.75,-60.75,-43.0,-49.5,-5.8,-7.5,-52.0,-36.0,0.208,0.0855,0.28,3335.965,222.3805,,,,
2012-10-31,1.296,79.77,0.9315,1.6129,5.7558,12.15,-7.66,-14.1,-4.86,-102.0,46.35,-35.8,-66.46,-327.5,-28.5,-25.75,-53.0096,-68.0,-46.75,-51.0,-7.25,-9.0,-54.0,-48.0,0.259,0.0885,0.26,3313.422,220.9621,,,,
2012-11-30,1.2986,82.48,0.9281,1.6013,5.7442,11.95,-7.21,-12.41,-4.08,-103.08,53.22,-35.9,-62.73,-367.15,-33.5,-33.75,-50.0,-64.9992,-46.25,-52.5,-9.0,-11.0,-59.0,-54.5,0.211,0.064,0.24,3355.85,220.5164,,,,
2012-12-31,1.3193,86.75,0.9154,1.6255,5.6553,10.7,-6.41,-14.87,-4.8,-82.46,51.03,-32.4,-68.81,-336.18,-30.0,-30.5,-42.25,-58.0,-49.0,-55.5,-8.5,-10.25,-58.5,-56.5,0.254,0.067,0.22,3418.961,218.4275,,,,
2013-01-31,1.3579,91.71,0.91,1.5857,5.4944,6.4,-6.05,-9.36,-7.69,-46.0,17.35,-38.15,-44.55,-126.99,-21.3,-19.75,-42.375,-54.75,-32.5,-42.75,-5.75,-7.0,-40.0,-37.0,0.337,0.1395,0.21,3593.121,215.2758,,,,
2013-02-28,1.3057,92.56,0.9367,1.5163,5.7114,9.27,-6.17,-10.05,-6.96,-68.5,43.6,-37.95,-51.63,-274.2,-23.5,-22.0,-44.0,-54.5,-33.0,-41.0,-8.0,-10.5,-43.5,-38.5,0.268,0.0765,0.22,3599.054,212.6893,,,,
2013-03-31,1.2819,94.22,0.9492,1.5198,5.8162,8.52,-5.87,-11.25,-6.97,-76.0,44.78,-39.5,-63.75,-317.28,-30.5,-28.3,-44.0,-56.25,-39.5,-47.5,-12.5,-16.4,-52.0,-46.0,0.285,0.082,0.23,3683.356,212.0129,,,,
2013-04-30,1.3168,97.45,0.9293,1.5532,5.6622,8.47,-5.06,-9.33,-8.33,-55.46,40.43,-31.3,-47.5,-268.14,-26.75,-25.25,-44.3,-63.5,-33.0,-41.25,-9.75,-13.3,-44.5,-40.5,0.239,0.071,0.3,3799.348,214.1983,,,,
2013-05-31,1.2999,100.45,0.9551,1.5198,5.7352,7.22,-4.51,-9.02,-9.01,-58.62,39.5,-33.55,-46.82,-274.0,-25.0,-24.0,-42.4997,-61.5,-31.0,-40.3,-7.25,-10.5,-41.0,-37.0,0.417,0.069,0.34,3800.783,206.6856,,,,
2013-06-30,1.301,99.14,0.945,1.5213,5.7331,5.3,-4.38,-7.85,-9.15,-56.43,28.25,-38.95,-47.0,-212.5,-25.75,-24.75,-52.5,-69.75,-33.5,-44.0,-6.5,-9.25,-42.0,-39.0,0.558,0.11,0.33,3707.13,205.3709,,,,
2013-07-31,1.3302,97.88,0.9262,1.5207,5.6047,4.51,-5.01,-7.72,-8.95,-56.68,26.17,-35.7,-43.47,-213.5,-25.75,-26.0,-49.8,-66.5,-33.0,-44.8,-7.5,-9.8,-41.0,-38.0,0.519,0.1065,0.31,3902.295,208.1171,,,,
2013-08-31,1.3222,98.17,0.9298,1.5504,5.6417,4.47,-4.5,-6.83,-10.35,-50.5,20.37,-34.06,-39.49,-188.0,-24.75,-26.25,-48.125,-65.8,-33.3,-46.3,-7.25,-9.5,-43.0,-40.0,0.707,0.098,0.3,3819.235,207.3334,,,,
2013-09-30,1.3527,98.27,0.9049,1.6186,5.5138,3.2,-6.7,-7.35,-10.65,-49.53,17.5,-34.31,-36.74,-164.0,-19.5,-20.25,-44.0,-61.3,-27.25,-39.25,-6.0,-8.5,-40.0,-37.5,0.512,0.105,0.28,4010.245,211.622,,,,
2013-10-31,1.3584,98.36,0.9069,1.604,5.4908,1.85,-6.0,-7.01,-11.22,-39.86,11.85,-30.8,-35.7,-119.48,-11.25,-11.5,-40.7,-56.8,-23.25,-31.8,-1.75,-2.75,-31.5,-28.5,0.458,0.114,0.24,4167.22,213.5865,,,,
2013-11-30,1.3591,102.44,0.9062,1.6368,5.4888,1.29,-6.02,-7.37,-11.24,-50.05,11.3,-29.0,-36.86,-167.99,-13.3,-15.0,-38.5,-56.0,-23.5,-33.25,-2.0,-3.3,-34.5,-31.5,0.429,0.1255,0.22,4241.278,211.0397,,,,
2013-12-31,1.3743,105.31,0.8929,1.6557,5.4283,-0.27,-4.93,-6.66,-10.73,-37.62,9.05,-31.98,-34.9,-143.0,-9.5,-10.5,-33.875,-52.25,-19.75,-28.0,0.0,-0.25,-30.0,-28.0,0.637,0.158,0.25,4331.022,209.0349,,,,
2014-01-31,1.3486,102.04,0.9065,1.6439,5.5325,0.59,-5.03,-7.15,-11.3,-44.39,11.95,-32.0,-39.72,-154.0,-7.5,-8.0,-36.5,-51.8,-18.5,-25.5,-2.25,-4.3,-25.5,-22.5,0.575,0.1355,0.23,4170.608,211.8451,,,,
2014-02-28,1.3802,101.8,0.8803,1.6745,5.407,-0.04,-4.88,-6.63,-11.39,-42.25,5.77,-28.05,-34.02,-127.0,-6.5,-7.0,-33.0,-47.8,-18.25,-25.0,-2.0,-4.38,-27.0,-23.0,0.587,0.1384,0.21,4379.393,214.8115,,,,
2014-03-31,1.3769,103.23,0.8846,1.6662,5.4224,-1.69,-4.92,-6.47,-11.39,-31.73,1.37,-27.9,-33.75,-114.4,-5.0,-5.3,-30.5,-44.25,-14.4,-20.75,-0.5,-1.8,-25.5,-22.5,0.791,0.1633,0.21,4385.731,214.5366,,,,
2014-04-30,1.3867,102.24,0.8804,1.6873,5.3827,-2.55,-5.7,-6.52,-12.28,-22.5,-1.29,-29.6,-33.54,-82.0,-2.0,-1.875,-30.25,-43.0,-12.25,-17.75,1.5,2.1,-20.0,-18.0,0.791,0.169,0.22,4430.671,217.0074,,,,
2014-05-31,1.3635,101.77,0.8952,1.6755,5.4742,0.11,-5.99,-8.65,-11.88,-36.02,12.83,-31.75,-44.27,-150.0,-5.25,-4.3,-31.75,-44.75,-18.75,-23.0,0.6,0.3,-29.0,-24.5,0.737,0.107,0.21,4517.844,217.9691,,,,
2014-06-30,1.3692,101.33,0.8868,1.7106,5.4451,4.7,-6.58,-6.92,-12.98,-28.38,26.16,-35.35,-36.61,-158.0,-7.3,-7.0,-30.75,-41.75,-15.25,-20.5,0.75,0.5,-34.0,-30.5,0.837,0.056,0.18,4598.664,219.7937,,,,
2014-07-31,1.339,102.8,0.9088,1.6886,5.5682,4.31,-6.2,-6.13,-13.2,-32.5,29.72,-41.9,-38.86,-179.5,-8.0,-6.75,-30.5,-39.0,-10.5,-14.5,0.0,-2.25,-34.5,-31.5,1.0065,0.067,0.19,4525.272,217.6719,,,,
2014-08-31,1.3132,104.09,0.9182,1.6598,5.6724,8.11,-6.82,-9.03,-12.75,-35.55,46.71,-44.3,-55.87,-239.0,-13.25,-10.75,-35.75,-47.5,-21.25,-24.25,-0.25,-2.25,-36.5,-33.5,0.964,0.0045,0.19,4624.988,218.6058,,,,
2014-09-30,1.2631,109.65,0.9551,1.6213,5.8932,8.34,-11.42,-9.53,-13.07,-33.8,54.43,-55.25,-54.87,-279.0,-14.75,-13.5,-38.5,-48.75,-18.5,-21.8,-1.25,-2.75,-38.5,-35.5,1.099,-0.0365,0.18,4499.461,211.154,,,,
2014-10-31,1.2525,112.32,0.9626,1.5995,5.9428,7.8,-12.14,-8.57,-11.92,-39.03,44.56,-58.8,-49.82,-248.0,-14.0,-13.75,-43.5,-51.75,-18.5,-22.0,-0.25,-0.25,-36.5,-34.0,0.9405,-0.01,0.16,4528.568,210.487,,,,
2014-11-30,1.2452,118.63,0.9653,1.5645,5.9754,8.17,-12.74,-10.41,-10.23,-43.05,51.06,-62.75,-58.75,-264.0,-17.395,-17.5,-48.5,-61.75,-22.5,-27.0,-2.25,-2.25,-38.5,-37.5,0.9,-0.002,0.16,4619.324,208.6842,,,,
2014-12-31,1.2098,119.78,0.9943,1.5577,6.1556,9.93,-10.35,-17.85,-11.64,-51.5,65.31,-72.13,-97.45,-347.0,-15.7,-15.125,-45.75,-61.0,-33.5,-33.8,-2.0,-3.0,-38.0,-37.5,1.097,-0.026,0.15,4544.837,207.3789,,,,
2015-01-31,1.1291,117.49,0.9202,1.506,6.592,9.5,-12.97,-38.39,-9.45,-184.86,64.24,-75.9,-158.75,-715.0,-27.75,-27.5,-52.25,-64.25,-38.0,-37.0,-7.75,-9.75,-51.0,-46.5,0.761,-0.042,0.15,4462.486,207.2904,,,0.1702,-0.127
2015-02-28,1.1196,119.63,0.9543,1.5438,6.6648,12.85,-14.26,-35.9,-9.75,-212.77,83.49,-87.6,-166.96,-850.0,-31.8,-32.3,-52.5,-63.75,-40.0,-40.3,-6.75,-9.75,-60.5,-56.0,1.019,-0.0688,0.15,4723.937,204.8146,,,0.1672,-0.15375
2015-03-31,1.0731,120.13,0.9727,1.4818,6.9621,13.55,-15.74,-36.67,-9.19,-218.05,80.36,-92.1,-169.0,-864.0,-31.9,-33.0,-56.25,-66.0,-37.8,-40.25,-7.8,-9.5,-65.75,-60.5,0.902,-0.095,0.19,4649.991,202.7175,,,0.1697,-0.18
2015-04-30,1.1224,119.38,0.9324,1.5351,6.6515,13.83,-13.25,-33.18,-9.55,-207.0,82.09,-95.5,-154.6,-793.59,-33.375,-34.4,-58.5,-67.75,-36.5,-36.75,-5.5,-5.75,-61.0,-56.0,0.916,-0.106,0.17,4759.045,204.9885,,,0.1787,-0.191
2015-05-31,1.0986,124.15,0.9403,1.5291,6.7897,14.29,-14.39,-33.23,-10.07,-180.83,82.65,-99.8,-164.0,-755.0,-30.2,-30.75,-60.0,-71.0,-38.25,-41.0,-1.5,-3.0,-52.5,-49.8,0.953,-0.125,0.16,4775.439,200.0731,,,0.1827,-0.21
2015-06-30,1.1147,122.5,0.9355,1.5712,6.6927,14.63,-15.82,-33.43,-10.68,-179.76,87.74,-102.0,-171.69,-788.5,-30.25,-31.0,-60.0,-70.3,-38.75,-43.0,-2.5,-3.3,-54.5,-52.0,1.025,-0.1205,0.18,4664.399,199.6997,,,0.1852,-0.2055
2015-07-31,1.0984,123.89,0.9663,1.5622,6.7937,14.68,-15.89,-31.1,-9.48,-145.61,88.63,-105.96,-158.27,-713.0,-27.9,-29.3,-60.5,-72.0,-34.0,-40.75,-2.45,-3.75,-50.0,-48.0,0.989,-0.122,0.16,4748.125,200.1591,,,0.2197,-0.207
2015-08-31,1.1211,121.23,0.9673,1.5345,6.6578,16.55,-16.33,-30.88,-7.58,-140.54,91.79,-105.68,-153.11,-679.0,-28.75,-30.625,-62.0,-72.5,-34.0,-44.75,-2.25,-2.5,-53.5,-53.5,0.978,-0.132,0.14,4433.92,200.9395,,,0.26895,-0.217
2015-09-30,1.1177,119.88,0.9733,1.5128,6.6757,18.91,-23.45,-34.92,-4.55,-155.98,95.7,-110.07,-156.02,-678.5,-32.875,-34.625,-68.0,-79.0,-39.75,-49.0,-4.0,-3.5,-57.0,-57.5,0.756,-0.144,0.12,4270.377,202.6594,,,0.2112,-0.229
2015-10-31,1.1006,120.62,0.9879,1.5428,6.7769,19.53,-21.35,-33.4,-4.86,-189.96,108.68,-121.47,-171.25,-858.0,-35.0,-37.75,-71.25,-82.0,-38.0,-46.5,-4.5,-4.25,-63.0,-64.75,0.883,-0.188,0.11,4608.78,202.8709,,,0.2352,-0.273
2015-11-30,1.0565,123.11,1.029,1.5056,7.0617,28.94,-30.3,-56.6,2.6,-261.1,139.29,-153.75,-236.18,-1117.12,-42.0,-42.2,-79.75,-90.125,-50.0,-56.0,-8.75,-7.5,-67.0,-68.5,1.006,-0.273,0.1,4585.848,198.6844,,,0.3322,-0.358
2015-12-31,1.0862,120.22,1.0021,1.4736,6.8706,25.66,-29.76,-39.1,2.24,-188.82,140.96,-161.25,-195.63,-996.99,-30.25,-32.625,-72.75,-82.75,-39.0,-47.0,-4.8,-4.75,-64.5,-64.5,1.131,-0.235,0.11,4505.241,200.5569,,,0.4232,-0.32
2016-01-31,1.0831,121.14,1.0231,1.4244,6.8904,26.99,-28.2,-40.04,3.21,-188.6,140.44,-157.6,-193.78,-930.01,-37.0,-39.875,-80.75,-91.75,-42.75,-54.0,-8.75,-7.0,-62.5,-65.0,0.732,-0.299,0.08,4235.718,202.9241,,,0.4287,-0.384
2016-02-29,1.0873,112.69,0.9984,1.3917,6.8608,31.66,-31.51,-45.75,4.79,-208.44,155.25,-171.25,-211.92,-990.1,-45.75,-50.75,-87.1,-99.25,-51.5,-64.0,-17.125,-16.5,-74.5,-78.3,0.62,-0.359,0.06,4204.194,209.5318,,,0.4407,-0.444
2016-03-31,1.138,112.57,0.9618,1.436,6.5477,32.67,-31.58,-39.88,4.76,-193.88,152.75,-156.75,-177.5,-937.01,-39.75,-45.625,-80.5,-93.3,-40.0,-56.5,-12.75,-10.5,-66.5,-73.5,0.653,-0.346,0.07,4489.486,215.1692,,,0.4222,-0.431
2016-04-30,1.1451,106.5,0.9599,1.4612,6.5001,32.53,-28.79,-38.95,4.1,-188.55,156.79,-151.04,-179.25,-985.5,-39.0,-45.125,-72.75,-83.75,-39.5,-53.0,-9.25,-8.0,-67.5,-69.5,0.729,-0.345,0.08,4560.526,218.7318,,,0.4252,-0.43
2016-05-31,1.1132,110.73,0.9939,1.4483,6.6817,35.37,-33.27,-42.94,9.27,-228.52,166.81,-175.0,-194.94,-1115.0,-37.5,-41.0,-78.75,-91.0,-39.0,-50.0,-9.75,-8.5,,,0.85,-0.343,0.07,4586.14,214.9337,,,0.4957,-0.428
2016-06-30,1.1106,103.2,0.976,1.3311,6.6964,38.03,-33.65,-50.54,12.2,-232.28,158.52,-150.75,-209.0,-1016.5,-42.5,-44.75,-78.5,-86.75,-49.0,-56.75,-12.5,-11.0,,,0.479,-0.357,0.07,4534.751,223.8795,,,0.4147,-0.442
2016-07-31,1.1174,102.06,0.9695,1.323,6.6575,43.64,-35.35,-49.26,21.1,-273.01,182.36,-159.95,-204.96,-1171.84,-45.0,-47.5,-76.5,-83.25,-48.25,-56.25,-19.75,-17.5,,,0.554,-0.3542,0.08,4726.337,224.9542,,,0.4456,-0.4392
2016-08-31,1.1158,103.43,0.9839,1.3138,6.6709,43.53,-39.95,-51.41,24.75,-264.69,196.6,-185.65,-220.53,-1212.5,-43.75,-47.75,-77.75,-79.625,-49.0,-55.5,-17.0,-15.75,,,0.728,-0.351,0.06,4730.265,222.9298,,,0.4982,-0.436
2016-09-30,1.1235,101.35,0.9714,1.2972,6.6277,49.1,-43.7,-56.36,26.75,-299.19,193.9,-176.13,-217.58,-1192.5,-43.0,-45.625,-75.5,-78.75,-46.75,-50.25,-14.25,-13.25,,,0.688,-0.35,0.06,4755.392,224.7003,,,0.47425,-0.435
2016-10-31,1.0981,104.82,0.989,1.2242,6.7736,47.32,-40.55,-53.89,26.22,-297.14,189.18,-174.5,-216.0,-1203.25,-40.375,-42.625,-72.25,-75.24,-44.0,-48.75,-14.75,-11.75,,,0.801,-0.35,0.06,4663.361,216.5012,,,0.54155,-0.435
2016-11-30,1.0589,114.46,1.0173,1.2506,7.0262,48.57,-52.15,-60.5,28.35,-333.06,202.47,-219.0,-248.56,-1394.5,-45.625,-45.625,-82.625,-83.0,-48.5,-51.75,-18.25,-13.5,,,1.171,-0.35,0.04,4730.416,205.7465,,,0.6472,-0.435
2016-12-31,1.0517,116.96,1.019,1.234,7.0682,49.83,-54.06,-58.64,28.45,-358.38,211.73,-232.45,-248.58,-1503.82,-44.25,-44.125,-83.5,-85.0,-48.0,-51.25,-15.375,-11.25,,,1.349,-0.347,0.03,4843.607,203.8733,,,0.7052,-0.432
2017-01-31,1.0798,112.8,0.9892,1.2579,6.8868,44.32,-41.15,-51.56,26.25,-298.66,213.57,-216.25,-240.85,-1424.71,-41.75,-42.25,-81.375,-86.25,-45.25,-50.5,-17.5,-14.0,,,1.339,-0.352,0.06,4960.508,206.5531,,,0.7322,-0.437
2017-02-28,1.0576,112.77,1.0058,1.238,7.0284,44.88,-44.6,-53.67,26.7,-320.39,220.1,-222.0,-256.9,-1513.46,-40.25,-39.5,-74.625,-80.625,-43.5,-48.0,-14.0,-10.75,,,1.441,-0.353,0.05,5098.13,207.6745,,,0.8503,-0.438
2017-03-31,1.0652,111.39,1.0026,1.255,6.983,47.25,-41.17,-55.5,28.27,-325.93,212.05,-201.63,-245.84,-1472.18,-32.25,-34.0,-62.75,-69.5,-33.25,-37.75,-8.75,-8.75,,,1.527,-0.351,0.06,5152.435,208.129,,,0.9712,-0.436
2017-04-30,1.0895,111.49,0.9946,1.2951,6.8273,51.32,-42.45,-56.89,34.28,-328.83,223.02,-206.5,-247.0,-1468.25,-34.0,-34.75,-65.75,-74.25,-34.75,-39.0,-12.0,-9.75,,,1.468,-0.3585,0.03,5228.726,210.5317,,,1.0337,-0.4435
2017-05-31,1.1244,110.78,0.9678,1.289,6.6153,55.93,-46.55,-58.05,37.0,-341.39,229.66,-203.75,-236.16,-1403.72,-33.75,-35.0,-62.75,-72.0,-33.75,-38.5,-12.0,-9.25,,,1.447,-0.361,0.05,5339.337,213.8568,,,1.1387,-0.446
2017-06-30,1.1426,112.39,0.9579,1.3025,6.5075,55.58,-45.65,-56.46,36.94,-334.25,234.96,-205.25,-235.9,-1380.0,-30.875,-33.125,-52.5,-58.5,-32.5,-36.0,-9.75,-7.75,,,1.535,-0.358,0.06,5359.88,213.0219,,,1.2032,-0.443
2017-07-31,1.1842,110.26,0.9669,1.3215,6.2804,58.13,-46.63,-56.75,40.12,-321.07,245.78,-207.5,-235.75,-1336.0,-29.25,-31.5,-56.0,-63.25,-31.25,-32.5,-10.25,-8.5,,,1.47,-0.359,0.06,5488.155,216.9466,,,1.2012,-0.444
2017-08-31,1.191,109.98,0.9587,1.293,6.2447,57.26,-46.18,-55.5,38.14,-318.56,250.43,-215.69,-236.18,-1361.5,-33.625,-35.875,-61.25,-64.0,-34.5,-36.75,-13.0,-11.25,,,1.375,-0.358,0.03,5495.883,219.2423,,,1.19875,-0.443
2017-09-30,1.1814,112.51,0.9683,1.3398,6.2989,62.41,-53.68,-62.15,38.95,-351.19,263.27,-227.94,-249.0,-1443.0,-33.1875,-35.0625,-56.875,-61.25,-33.5,-35.875,-9.75,-7.5,,,1.61,-0.3558,0.05,5619.234,216.3899,,,1.2332,-0.44075
2017-10-31,1.1646,113.64,0.9976,1.3283,6.3897,63.54,-54.28,-64.94,39.15,-368.79,272.1,-240.0,-266.5,-1532.0,-34.375,-35.125,-59.125,-63.375,-33.75,-35.5,-11.0,-7.75,,,1.711,-0.356,0.05,5725.429,215.1929,,,1.3132,-0.441
2017-11-30,1.1904,112.54,0.9836,1.3525,6.2517,68.9,-55.47,-69.35,42.88,-383.43,293.1,-247.89,-278.35,-1581.0,-34.25,-35.625,-54.5,-59.375,-35.25,-37.0,-12.5,-9.5,,,1.839,-0.349,0.06,5849.485,218.5036,,,1.41245,-0.434
2017-12-31,1.2005,112.69,0.9743,1.3513,6.2069,66.65,-53.55,-64.24,41.2,-367.05,302.71,-258.33,-279.0,-1605.47,-31.5,-33.25,-50.0,-53.625,-31.75,-35.75,-9.5,-7.5,,,1.907,-0.3445,0.06,5928.591,218.7396,,,1.4712,-0.4295
2018-01-31,1.2414,109.19,0.9313,1.4191,5.9955,74.24,-58.16,-65.54,49.85,-376.97,346.04,-274.45,-290.25,-1701.97,-31.75,-31.875,-51.0,-54.3125,-32.5,-33.0,-9.5,-6.5,,,2.172,-0.3515,0.08,6241.621,222.6864,,,1.5657,-0.4365
2018-02-28,1.2194,106.68,0.9446,1.376,6.1066,85.29,-67.8,-75.45,56.16,-442.72,368.11,-296.5,-317.0,-1861.94,-30.875,-29.5,-53.5,-56.25,-34.25,-34.0,-10.0,-5.0,,,2.275,-0.3568,0.07,5983.047,221.8403,,,1.6532,-0.4418
2018-03-31,1.2324,106.28,0.954,1.4015,6.0485,85.25,-64.9,-74.97,54.8,-424.4,375.07,-288.08,-316.63,-1845.64,-27.25,-27.125,-43.25,-48.0,-28.0,-29.5,-6.25,-1.625,,,2.28,-0.3615,0.07,5852.638,225.0615,,,1.7632,-0.4465
2018-04-30,1.2078,109.34,0.9909,1.3763,6.1684,86.43,-70.0,-80.22,61.65,-442.41,380.33,-311.0,-335.5,-1942.1,-24.25,-25.0,-44.25,-48.75,-22.5,-25.75,-6.5,-1.75,,,2.451,-0.362,0.07,5919.891,220.5443,,,1.8732,-0.447
2018-05-31,1.1693,108.82,0.9858,1.3298,6.3656,82.52,-67.95,-79.07,58.25,-462.02,362.97,-307.13,-336.86,-1982.8,-24.25,-23.375,-44.5,-49.75,-23.0,-24.5,-4.0,-0.625,,,2.375,-0.3594,0.06,5956.988,218.436,,,1.9262,-0.4444
2018-06-30,1.1684,110.76,0.9906,1.3207,6.3767,81.28,-71.15,-78.4,54.0,-463.88,358.63,-315.63,-336.1,-2001.56,-14.25,-15.625,-38.25,-44.0,-14.25,-18.0,4.5,8.5,,,2.487,-0.3569,0.06,5954.146,217.139,,,1.9812,-0.4419
2018-07-31,1.1691,111.86,0.9903,1.3124,6.3739,81.38,-70.6,-79.86,52.24,-463.08,365.6,-323.75,-340.25,-2015.42,-13.75,-16.25,-37.0,-44.0,-12.25,-16.0,4.0,6.625,,,2.606,-0.3605,0.06,6140.115,216.0133,,,2.0542,-0.4455
2018-08-31,1.1602,111.03,0.9689,1.296,6.4258,81.29,-71.37,-76.64,50.37,-472.16,366.35,-325.95,-336.0,-2064.5,-17.75,-19.625,-41.875,-49.0,-15.25,-21.0,1.25,4.75,,,2.553,-0.359,0.08,6216.086,215.9332,,,2.1452,-0.444
2018-09-30,1.1604,113.7,0.9817,1.3031,6.4258,93.17,-89.2,-89.89,60.4,-546.19,386.51,-349.5,-355.0,-2186.5,-19.25,-19.625,-40.375,-46.375,-15.5,-19.0,1.5,5.25,,,2.73,-0.354,0.08,6250.698,213.3933,,,2.2532,-0.439
2018-10-31,1.1312,112.94,1.0085,1.2766,6.5956,98.24,-92.1,-97.44,63.25,-602.1,391.1,-363.7,-377.08,-2328.77,-17.5,-17.625,-41.875,-48.0,-16.25,-18.5,6.5,9.125,,,2.771,-0.3568,0.07,5791.723,211.4854,,,2.3402,-0.44175
2018-11-30,1.1317,113.57,0.9979,1.2749,6.5942,92.89,-90.13,-91.75,61.7,-573.0,380.26,-359.82,-364.26,-2272.39,-13.0,-13.875,-39.625,-47.0,-12.5,-15.0,8.375,12.5,,,2.636,-0.358,0.03,5857.516,212.4117,,,2.4102,-0.443
2018-12-31,1.1467,109.69,0.9821,1.2754,6.5114,88.65,-82.13,-84.68,56.31,-528.98,365.4,-332.75,-344.38,-2127.95,-12.0,-12.5,-38.625,-46.375,-9.5,-14.75,11.75,16.0,,,2.312,-0.3565,0.01,5412.122,217.9141,,,2.4472,-0.4415
2019-01-31,1.1448,108.89,0.9942,1.3109,6.5215,89.89,-82.04,-87.1,61.7,-539.56,362.0,-326.0,-344.28,-2112.82,-14.25,-16.0,-39.375,-48.375,-11.25,-15.38,3.375,6.5,,,2.247,-0.362,0.0,5833.217,220.9748,,,2.4462,-0.447
2019-02-28,1.1371,111.39,0.9982,1.3263,6.5614,87.85,-80.4,-85.43,61.14,-537.47,355.38,-327.3,-341.11,-2116.0,-13.375,-14.625,-36.625,-46.375,-10.25,-12.25,4.0,7.5,,,2.307,-0.36,0.0,6008.621,218.7624,,,2.4492,-0.445
2019-03-31,1.1218,110.86,0.9952,1.3035,6.6549,86.44,-78.75,-85.22,59.09,-545.9,338.05,-310.8,-328.5,-2090.7,-11.375,-11.875,-33.0,-41.5,-9.0,-10.875,5.625,7.375,,,2.045,-0.363,0.0,6087.541,221.4048,,,2.4362,-0.448
2019-04-30,1.1215,111.42,1.0193,1.3032,6.6576,90.58,-81.93,-91.7,61.95,-557.25,341.86,-316.49,-339.9,-2122.07,-15.25,-16.0,-34.25,-42.5,-10.25,-12.25,2.125,4.5,-33.75,-33.7,2.061,-0.364,0.0,6303.401,220.0047,,,2.4422,-0.449
2019-05-31,1.1169,108.29,1.0006,1.2629,6.6862,85.15,-76.7,-85.65,56.74,-545.26,313.53,-279.25,-311.14,-1984.89,-17.25,-17.875,-36.625,-44.5,-14.0,-16.38,0.5,3.75,-37.5,-36.75,1.673,-0.368,0.0,5939.689,223.8505,,,2.4164,-0.453
2019-06-30,1.1373,107.85,0.9763,1.2696,6.5624,81.56,-71.95,-79.55,50.8,-504.35,301.26,-263.25,-291.5,-1853.0,-17.75,-20.0,-36.5,-43.0,-16.75,-18.625,1.25,3.5,-38.25,-38.25,1.508,-0.4,0.0,6331.084,228.9185,,,2.1662,-0.485
2019-07-31,1.1076,108.78,0.994,1.2159,6.7421,83.63,-75.6,-84.58,53.75,-531.71,316.5,-284.42,-319.0,-2004.5,-21.125,-22.0,-46.625,-52.75,-22.0,-23.5,-3.75,1.0,-41.25,-40.525,1.563,-0.4318,0.0,6362.444,227.8868,,,2.1475,-0.51675
2019-08-31,1.0982,106.28,0.9904,1.2156,6.7889,75.71,-65.91,-79.96,43.35,-490.71,283.21,-243.72,-298.0,-1832.72,-20.0,-22.25,-42.375,-48.5,-23.0,-23.5,-1.875,0.5,-40.75,-41.025,1.111,-0.5065,0.0,6232.303,233.7936,,,1.919,-0.5915
2019-09-30,1.0899,108.08,0.9977,1.2289,6.8508,80.14,-77.72,-84.7,48.3,-533.1,274.65,-249.5,-278.56,-1837.81,-17.25,-18.875,-38.25,-44.25,-15.25,-15.75,2.625,3.625,-38.0,-38.0,1.2785,-0.461,0.0,6364.933,230.6781,,,1.8301,-0.546
2019-10-31,1.1152,108.03,0.9864,1.2942,6.6994,71.0,-66.35,-71.63,38.58,-479.34,251.2,-228.39,-250.01,-1672.0,-12.0,-13.25,-37.625,-44.75,-10.0,-11.5,6.625,8.0,-34.75,-33.0,1.235,-0.458,0.0,6526.904,231.7815,,,1.5894,-0.5427
2019-11-30,1.1018,109.49,1.0002,1.2925,6.7811,69.2,-65.78,-71.24,40.15,-475.15,252.29,-231.28,-256.9,-1697.0,-12.375,-13.5,-35.5,-41.375,-10.5,-10.5,6.25,8.0,-36.5,-34.65,1.318,-0.4494,0.0,6708.68,229.0741,,,1.621,-0.5345
2019-12-31,1.1213,108.61,0.9666,1.3257,6.6627,63.95,-56.0,-62.4,33.0,-419.5,256.17,-223.52,-243.37,-1643.31,-12.0,-13.375,-33.25,-39.375,-10.25,-12.6251,5.75,6.5,-35.0,-33.5,1.454,-0.444,0.02,6909.66,230.0931,,,1.566,-0.5295
2020-01-31,1.1093,108.35,0.9634,1.3206,6.7369,60.97,-53.83,-59.65,31.53,-411.35,232.75,-200.08,-226.8,-1537.01,-11.5,-12.625,-32.625,-39.875,-9.25,-12.25,3.125,4.375,-33.715,-33.0,1.114,-0.459,0.01,6867.603,233.3239,,,1.5526,-0.5421
2020-02-29,1.1026,107.89,0.9649,1.2823,6.7773,57.97,-50.05,-58.63,28.63,-392.33,201.24,-173.8,-207.34,-1358.08,-17.0,-17.25,-40.875,-46.5025,-14.0,-15.5,-0.5,0.625,-38.69,-37.5,0.72335,-0.5,,6287.117,235.344,,,1.236,-0.5875
2020-03-31,1.1031,107.54,0.9611,1.242,6.7679,38.5,-40.85,-40.95,18.8,-229.6,129.95,-126.58,-134.82,-860.04,-19.0,-21.0,-54.875,-58.875,-16.25,-21.25,-0.75,-1.0,-43.25,-42.75,0.128,-0.4618,,5455.063,233.2666,,,0.0583,-0.5481
2020-04-30,1.0955,107.18,0.9653,1.2594,6.8117,21.0,-15.95,-25.52,4.51,-136.31,97.1,-82.31,-116.2,-692.54,-18.875,-21.125,-48.5,-57.25,-14.25,-16.25,-5.875,-5.0,-44.565,-44.55,0.0745,-0.477,,6050.997,236.3295,,,0.0282,-0.545
2020-05-31,1.1101,107.83,0.9616,1.2343,6.7164,21.53,-15.03,-25.6,4.5,-134.15,93.9,-75.55,-110.13,-628.0,-19.875,-22.375,-47.25,-56.5,-14.75,-17.6251,-5.875,-6.0,-45.75,-46.0,0.01695,-0.468,,6343.31,236.3371,,,0.0691,-0.546
2020-06-30,1.1234,107.93,0.9473,1.2401,6.6339,22.94,-13.84,-25.88,6.52,-133.0,96.43,-70.4,-106.04,-620.0,-17.625,-21.125,-44.25,-52.0,-15.75,-19.1251,-3.25,-3.25,-43.5,-44.575,0.0,-0.4708,0.0,6511.097,237.513,,,0.0647,-0.55655
2020-07-31,1.1778,105.83,0.9129,1.3085,6.3229,22.7,-11.82,-23.74,5.98,-121.25,91.4,-57.05,-95.4,-526.0,-13.5,-18.375,-37.5,-45.5,-12.75,-16.25,-0.625,-0.875,-43.5,-43.0,-0.02265,-0.47,0.0,6822.597,245.4586,,,0.0698,-0.556
2020-08-31,1.1936,105.91,0.9037,1.337,6.2359,23.18,-12.05,-23.73,6.43,-112.41,95.8,-61.1,-96.18,-533.0,-12.25,-16.125,-37.875,-44.5,-9.5,-12.25,2.0,2.5,-38.75,-39.75,0.036,-0.469,0.0,7278.444,244.5188,,,0.0747,-0.5538
2020-09-30,1.1721,105.48,0.9209,1.292,6.3522,26.44,-15.46,-27.64,9.14,-133.49,96.3,-56.37,-99.75,-540.09,-11.25,-14.5,-34.75,-42.5,-9.0,-10.75,-0.375,0.125,-35.97,-37.16,0.044,-0.4739,0.0,7027.344,244.1585,,,0.0769,-0.55875
2020-10-31,1.1647,104.66,0.917,1.2947,6.392,25.93,-14.11,-26.74,8.64,-150.18,99.07,-54.9,-100.87,-566.14,-9.375,-12.375,-31.375,-38.375,-9.5,-11.5,1.625,2.375,-36.345,-36.21,0.08005,-0.4893,0.0,6811.78,244.4729,,,0.0835,-0.5745
2020-11-30,1.1927,104.31,0.9089,1.3323,6.2409,28.81,-15.8,-27.74,11.79,-147.82,103.0,-55.62,-100.89,-544.0,-11.625,-14.0,-29.0,-35.625,-11.0,-12.25,-1.125,-0.625,-37.75,-37.0,0.10625,-0.4844,0.0,7682.745,248.2975,,,0.07,-0.5695
2020-12-31,1.2216,103.25,0.8852,1.367,6.0918,25.2,-11.15,-23.74,7.68,-123.97,102.42,-51.62,-95.5,-500.41,-10.5,-12.625,-30.75,-35.5,-9.75,-10.0,-2.25,-1.75,-37.25,-37.0,0.107,-0.4779,0.0,8008.468,251.9457,,,0.064,-0.564
2021-01-31,1.2136,104.68,0.8903,1.3708,6.1291,24.18,-10.32,-23.11,6.65,-103.5,103.15,-50.09,-96.66,-496.0,-10.375,-11.625,-28.25,-33.125,-11.75,-11.5,-4.375,-3.125,-34.75,-34.255,0.119,-0.4867,0.0,7928.875,249.0309,,,0.03715,-0.571
2021-02-28,1.2075,106.57,0.9085,1.3933,6.1579,24.79,-10.94,-22.83,5.2,-94.14,99.43,-53.24,-91.21,-452.5,-10.125,-11.125,-29.375,-33.75,-10.75,-10.25,-2.875,-1.875,-32.0,-32.835,0.2657,-0.481,,8132.047,243.5409,-19.369,-21.25,0.047,-0.566
2021-03-31,1.173,110.72,0.9436,1.3783,6.3407,22.8,-9.71,-23.63,4.0,-104.18,102.15,-54.72,-101.52,-512.28,-9.5,-9.375,-29.125,-34.5,-11.75,-12.75,-0.875,0.625,-31.5,-31.25,0.339,-0.4852,,8402.617,238.11,-17.874,-23.6216,0.0185,-0.57045
2021-04-30,1.202,109.31,0.9131,1.3822,6.1868,22.75,-8.85,-22.24,3.38,-101.11,98.89,-50.38,-94.63,-488.65,-8.0,-9.125,-27.125,-31.875,-10.25,-11.8751,0.125,1.125,-30.975,-31.25,0.31355,-0.4857,,8793.676,241.0313,-13.457,-21.0,0.032,-0.571
2021-05-31,1.2227,109.58,0.8989,1.4212,6.0825,21.44,-7.53,-20.83,0.82,-94.29,89.27,-38.6,-85.07,-430.96,-3.375,-3.5,-21.375,-27.5,-5.75,-7.0,3.75,5.0,-27.5,-27.0,0.3035,-0.483,,8920.353,243.3193,-9.375,-14.0,0.025,-0.568
2021-06-30,1.1858,111.11,0.925,1.3831,6.2712,22.74,-8.91,-22.8,2.85,-112.88,95.04,-46.65,-93.65,-486.27,-7.0,-6.75,-23.125,-29.0,-9.0,-9.6251,-0.375,0.625,-31.3,-30.115,0.431,-0.482,,9053.309,240.3335,-12.2681,-17.955,0.04642,-0.567
2021-07-31,1.187,109.72,0.9059,1.3904,6.2668,21.58,-8.06,-21.26,2.6,-102.67,91.72,-41.14,-87.78,-462.05,-5.625,-6.0,-21.25,-28.0,-5.75,-6.75,0.125,1.75,-30.5,-28.75,0.32885,-0.4827,,9215.48,244.1924,-9.221,-15.875,0.049,-0.5682
2021-08-31,1.1809,110.02,0.9151,1.3755,6.2973,20.88,-8.02,-20.69,2.03,-99.04,92.4,-44.48,-89.79,-463.88,-6.375,-6.375,-21.25,-26.25,-5.7501,-7.0,0.5,1.5,-29.75,-28.485,0.38195,-0.4869,,9444.838,243.0163,-7.4969,-16.4004,0.0507,-0.572
2021-09-30,1.158,111.29,0.9317,1.3474,6.4223,24.51,-11.51,-23.53,3.65,-130.18,91.58,-42.1,-88.51,-500.0,-7.125,-7.125,-20.5,-25.625,-3.0,-4.75,-0.75,-0.125,-29.75,-28.75,0.48925,-0.485,,9052.683,237.6679,-20.568,-16.5,0.056,-0.5685
2021-10-31,1.1558,113.95,0.9161,1.3682,6.4368,26.78,-12.85,-25.43,2.93,-155.42,105.26,-67.86,-98.92,-611.63,-12.625,-13.125,-38.625,-39.75,-5.5,-8.5,-2.625,-1.875,-35.355,-33.0,0.7834,-0.484,,9565.432,236.5804,-30.5,-20.0,0.04875,-0.568
2021-11-30,1.1338,113.17,0.9189,1.3299,6.5592,30.6,-14.22,-28.3,9.8,-168.94,117.88,-73.61,-113.36,-692.38,-9.375,-10.25,-26.25,-30.5,-4.75,-8.75,-1.0,1.0,-31.25,-29.25,0.86185,-0.495,,9355.825,236.5369,-44.0,-18.875,0.05528,-0.5797
2021-12-31,1.137,115.08,0.9129,1.3532,6.5404,21.86,-9.52,-21.99,-5.69,-128.96,126.8,-86.17,-116.25,-736.35,,,,,,,,,,,,,,9755.694,235.3109,-10.25,-15.875,0.089,-0.573
2022-01-31,1.1235,115.11,0.9272,1.3447,6.6233,25.11,-13.1,-25.2,-6.38,-150.14,163.3,-129.93,-151.99,-946.54,,,,,,,,,,,,,,9239.512,230.8782,-12.625,-19.875,0.208,-0.5715
2022-02-28,1.1219,115.0,0.9168,1.342,6.6297,39.42,-24.58,-35.22,-0.22,-235.54,197.95,-157.01,-171.92,-1129.98,,,,,,,,,,,,,,9005.833,228.7795,-41.375,-21.25,0.365,-0.571
2022-03-31,1.1067,121.7,0.9225,1.3138,6.721,41.1,-32.06,-37.65,-3.52,-244.35,249.51,-258.3,-222.87,-1498.93,,,,,,,,,,,,,0.1,9252.984,220.6635,-21.75,-25.375,0.667,-0.5635
2022-04-30,1.0545,129.7,0.9718,1.2574,7.0557,51.28,-53.7,-51.08,5.68,-339.27,270.0,-361.94,-269.42,-1779.19,,,,,,,,,,,,,0.14,8484.307,207.7757,-21.875,-30.375,1.1419,-0.545
2022-05-31,1.0734,128.67,0.9595,1.2602,6.9306,55.03,-57.32,-53.24,9.06,-363.06,247.42,-361.0,-253.25,-1618.31,,,,,,,,,,,,,0.13,8490.733,207.7595,-15.375,-23.875,1.413,-0.4383
2022-06-30,1.0484,135.72,0.9551,1.2178,7.0941,69.51,-89.69,-63.72,21.73,-480.66,289.23,-495.6,-286.05,-1933.97,,,,,,,,,,,,,0.16,7755.249,200.4458,-26.5,-30.25,2.09875,-0.258
2022-07-31,1.022,133.27,0.9524,1.2171,7.2823,67.45,-100.08,-67.35,26.78,-487.0,275.79,-482.45,-278.7,-1989.53,,,,,,,,,,,,,0.1,8370.987,204.1786,-18.375,-30.625,2.5508,0.148
2022-08-31,1.0054,138.96,0.9775,1.1622,7.3978,61.86,-115.5,-74.04,19.78,-461.66,232.04,-579.5,-298.01,-1736.13,,,,,,,,,,,,,0.15,8021.014,195.4877,-14.375,-29.875,2.9746,0.69505
2022-09-30,0.9802,144.74,0.987,1.117,7.5867,75.54,-159.79,-97.74,16.9,-587.93,236.7,-685.79,-342.1,-1890.08,,,,,,,,,,,,,0.21,7275.382,185.2683,-65.875,-36.25,3.5997,1.2377
2022-10-31,0.9882,148.71,1.0013,1.1469,7.533,75.31,-181.03,-110.38,35.64,-603.06,261.13,-766.56,-411.4,-2129.29,,,,,,,,,,,,,0.21,7797.848,183.9951,-55.375,-32.25,4.1295,1.69625
2022-11-30,1.0406,138.07,0.9457,1.2058,7.1469,71.93,-165.35,-102.98,32.05,-547.0,257.99,-697.13,-385.16,-2000.12,,,,,,,,,,,,,0.25,8340.036,192.8156,-33.5,-25.25,4.394,1.953
2022-12-31,1.0705,131.12,0.9245,1.2083,6.9473,67.09,-161.37,-90.35,26.91,-483.58,216.68,-663.4,-335.67,-1589.77,,,,,,,,,,,,,0.43,7985.857,194.1942,-19.0,-23.5,4.59,2.2557
2023-01-31,1.0863,130.09,0.9162,1.232,6.8477,59.48,-159.83,-86.18,23.45,-421.0,203.05,-659.19,-331.85,-1463.32,,,,,,,,,,,,,0.33,8550.905,200.1751,-13.875,-22.75,4.683,2.58425
2023-02-28,1.0576,136.17,0.9422,1.2022,7.0381,56.27,-179.16,-92.23,21.58,-438.96,208.5,-751.84,-361.49,-1619.19,,,,,,,,,,,,,0.32,8345.354,193.0421,-9.0,-21.875,4.893,2.88795
2023-03-31,1.0839,132.86,0.9153,1.2337,6.8715,56.03,-177.84,-89.75,21.87,-415.38,174.4,-671.6,-287.51,-1329.95,,,,,,,,,,,,,0.23,8603.223,200.1739,-18.125,-26.5,4.91485,3.04875
2023-04-30,1.1019,136.3,0.8946,1.2567,6.765,55.73,-188.77,-91.16,21.7,-407.05,171.32,-704.9,-298.33,-1295.34,,,,,,,,,,,,,0.18,8754.033,200.302,-19.25,-27.875,5.068,3.272
2023-05-31,1.0689,139.34,0.9107,1.2441,6.9671,57.07,-205.18,-95.74,19.93,-439.14,193.87,-759.97,-332.82,-1479.37,,,,,,,,,,,,,0.19,8666.638,195.9056,-21.5,-29.75,5.2405,3.409
2023-06-30,1.0909,144.31,0.8956,1.2703,6.8243,50.26,-205.19,-86.27,2.24,-387.0,195.24,-819.54,-330.96,-1469.4,,,,,,,,,,,,,0.18,9190.777,195.2959,-15.125,-28.625,5.2635,3.588
2023-07-31,1.0997,142.29,0.8719,1.2835,6.7767,49.49,-203.45,-85.19,2.57,-369.18,199.4,-797.61,-325.72,-1453.26,,,,,,,,,,,,,0.24,9499.521,196.4724,-12.0,-27.25,5.36395,3.7075
2023-08-31,1.0843,145.54,0.8834,1.2673,6.873,47.77,-210.0,-85.72,1.85,-361.89,200.36,-818.05,-335.25,-1491.5,,,,,,,,,,,,,0.3,9272.618,193.2694,-10.75,-27.625,5.3991,3.741
2023-09-30,1.0573,149.37,0.9153,1.2199,7.0528,48.46,-230.59,-96.2,8.87,-390.34,184.15,-847.72,-354.45,-1463.07,,,,,,,,,,,,,0.39,8872.612,187.1461,-35.125,-27.25,5.38826,3.92905
2023-10-31,1.0575,151.68,0.9104,1.2153,7.0579,46.19,-229.51,-94.43,9.03,-368.77,193.87,-859.4,-363.28,-1498.19,,,,,,,,,,,,,0.49,8615.166,184.841,-25.25,-23.5,5.38875,3.915
2023-11-30,1.0888,148.2,0.8752,1.2624,6.847,43.26,-213.6,-86.24,8.19,-334.23,177.9,-782.64,-322.99,-1325.0,,,,,,,,,,,,,0.37,9422.856,193.9728,-12.25,-19.75,5.37,3.905
2023-12-31,1.1039,141.04,0.8414,1.2731,6.7535,40.57,-199.21,-78.54,5.51,-313.98,178.14,-705.19,-288.47,-1318.8,,,,,,,,,,,,,0.35,9885.464,202.3103,-2.0,-15.5,5.3265,3.871
2024-01-31,1.0818,146.92,0.8614,1.2688,6.8909,41.61,-205.46,-83.23,8.02,-324.83,174.5,-725.03,-302.5,-1319.75,,,,,,,,,,,,,0.38,10004.09,198.5344,-9.5,-17.375,5.312,3.846
2024-02-29,1.0805,149.98,0.8845,1.2625,6.8984,40.57,-211.5,-87.28,6.52,-326.26,175.14,-766.7,-339.47,-1339.2,,,,,,,,,,,,,0.41,10428.244,195.9522,-4.75,-14.25,5.33065,3.895
2024-03-31,1.079,151.35,0.9014,1.2623,6.9116,40.32,-207.75,-90.47,6.03,-320.77,182.84,-761.79,-352.46,-1383.6,,,,,,,,,,,,,0.42,10763.354,196.4636,-4.25,-13.875,5.30365,3.853
2024-04-30,1.0666,157.8,0.9194,1.2492,6.9931,43.68,-217.85,-97.85,6.51,-345.47,195.09,-820.65,-381.87,-1483.32,,,,,,,,,,,,,0.53,10363.552,190.9873,-3.875,-14.0,5.3373,3.78875
2024-05-31,1.0848,157.31,0.9023,1.2742,6.8762,45.54,-215.7,-93.88,6.14,-357.53,187.71,-790.43,-353.73,-1416.6,,,,,,,,,,,,,0.62,10826.306,192.7576,-1.625,-10.125,5.33995,3.702
2024-06-30,1.0713,160.88,0.8988,1.2645,6.9607,47.26,-221.93,-98.18,8.51,-372.78,193.07,-803.45,-370.3,-1462.0,,,,,,,,,,,,,0.59,11046.598,192.4899,-5.0,-13.375,5.3219,3.62925
2024-07-31,1.0826,149.98,0.878,1.2856,6.8932,47.92,-205.46,-94.77,8.82,-371.99,180.6,-675.3,-336.81,-1358.54,,,,,,,,,,,,,0.66,11241.266,198.6166,-1.125,-10.375,5.2441,3.54575
2024-08-31,1.1048,146.17,0.8496,1.3127,6.7525,44.63,-183.71,-89.64,6.57,-339.41,156.15,-604.52,-306.97,-1178.0,,,,,,,,,,,,,0.57,11538.378,203.8245,-0.625,-11.5,5.01405,3.42025
2024-09-30,1.1135,143.63,0.8456,1.3375,6.6947,41.94,-182.45,-86.36,-3.38,-318.38,156.85,-543.46,-286.35,-1160.92,,,,,,,,,,,,,0.58,11749.691,207.5101,-6.625,-10.125,4.6284,3.201
2024-10-31,1.0884,152.03,0.8641,1.2899,6.8532,43.69,-182.8,-88.93,-3.67,-341.21,195.79,-613.9,-331.04,-1435.78,,,,,,,,,,,,,0.63,11516.614,199.4622,-4.375,-5.875,4.5554,3.01325
2024-11-30,1.0577,149.77,0.881,1.2735,7.0512,44.15,-167.31,-90.59,-3.2,-361.0,226.49,-588.9,-359.25,-1700.0,,,,,,,,,,,,,0.77,12045.072,200.0637,-3.5,-2.125,4.467,2.813
2024-12-31,1.0354,157.2,0.9074,1.2516,7.2029,42.4,-164.94,-92.48,-8.59,-367.28,213.3,-613.08,-377.71,-1704.97,,,,,,,,,,,,,0.77,11731.17,195.0714,-0.75,0.25,4.302,2.671
2025-01-31,1.0362,155.19,0.9109,1.2395,7.2007,46.54,-161.3,-93.51,-3.49,-388.49,211.91,-587.2,-371.3,-1676.48,,,,,,,,,,,,,0.88,12145.147,196.1961,-1.125,-1.375,4.3028,2.50745
2025-02-28,1.0375,150.63,0.9031,1.2577,7.1874,51.21,-155.55,-96.18,-2.15,-407.01,209.85,-547.0,-360.78,-1637.66,,,,,,,,,,,,,0.95,12057.736,198.9128,-0.25,-0.375,4.306,2.3688
2025-03-31,1.0816,149.96,0.8843,1.2918,6.8977,55.52,-151.14,-94.46,-1.01,-409.0,213.3,-530.03,-347.15,-1578.54,,,,,,,,,,,,,1.01,11520.919,200.1257,0.125,-2.75,4.287,2.24725
2025-04-30,1.1328,143.07,0.8258,1.3329,6.59,65.17,-148.38,-91.85,4.7,-436.0,234.24,-493.8,-326.17,-1540.5,,,,,,,,,,,,,0.76,11623.306,207.4164,-1.5,-3.0,4.26585,2.013
2025-05-31,1.1347,144.02,0.8224,1.3459,6.5736,69.41,-148.45,-94.51,5.7,-444.06,264.8,-526.96,-357.25,-1705.07,,,,,,,,,,,,,0.86,12311.311,206.1445,-1.0,-4.875,4.31765,1.9225
2025-06-30,1.1787,144.03,0.7931,1.3732,6.3295,71.62,-147.25,-90.18,8.18,-431.82,248.35,-500.88,-323.1,-1498.01,,,,,,,,,,,,,0.86,12842.581,209.7866,0.5,-2.625,4.3019,1.904
2025-07-31,1.1415,150.75,0.8123,1.3207,6.5392,69.38,-152.76,-92.65,11.39,-454.96,257.1,-544.78,-343.79,-1663.26,,,,,,,,,,,,,0.95,13007.899,205.5383,1.5,-4.875,4.32321,1.9151
2025-08-31,1.1686,147.05,0.8005,1.3504,6.3877,65.62,-140.79,-86.92,7.09,-415.45,226.8,-479.55,-312.0,-1433.82,,,,,,,,,,,,,1.01,13347.216,208.4343,1.375,-5.625,4.1609,1.91876
2025-09-30,1.1734,147.9,0.7964,1.3446,6.3617,62.05,-140.95,-87.5,0.5,-391.93,206.5,-451.7,-301.0,-1311.57,,,,,,,,,,,,,1.12,13776.274,209.3003,-3.875,-4.625,3.96965,1.9278
2025-10-31,1.1537,153.99,0.8046,1.3152,6.4728,58.29,-139.48,-85.08,-0.11,-383.25,200.4,-465.51,-303.2,-1313.0,,,,,,,,,,,,,1.09,14052.148,208.145,-2.75,-3.0,3.88755,1.9275
2025-11-30,1.1598,156.18,0.804,1.3235,6.4392,53.99,-132.32,-80.9,-0.74,-359.23,188.7,-455.87,-294.9,-1235.05,,,,,,,,,,,,,1.16,14091.842,208.1305,-2.375,-3.875,3.77852,1.927
2025-12-31,1.1746,156.71,0.7926,1.3475,6.3591,50.56,-121.9,-76.22,-3.43,-337.63,173.3,-427.76,-279.4,-1126.59,,,,,,,,,,,,,1.37,14205.752,208.3793,1.75,-2.75,3.6517,1.9345
2026-01-31,1.1851,154.78,0.773,1.3686,6.3026,50.09,-121.6,-74.1,-1.8,-321.83,182.55,-410.51,-281.9,-1148.48,,,,,,,,,,,,,1.44,14523.663,210.1951,3.125,-1.0,3.66003,1.92915
2026-02-28,1.1812,156.05,0.7693,1.3482,6.3251,51.65,-119.9,-75.71,4.22,-328.39,179.63,-403.36,-277.5,-1140.0,,,,,,,,,,,,,1.4,14630.05,212.6656,0.375,-2.0,3.6544,1.92945
2026-03-31,1.1553,158.72,0.7995,1.3227,6.4667,47.43,-120.24,-78.93,-4.18,-320.33,151.26,-448.65,-298.67,-1034.79,,,,,,,,,,,,,1.59,13698.189,205.3992,-1.5,-6.125,3.6768,2.0627
2026-04-30,1.1731,156.59,0.7814,1.3604,6.3703,47.3,-118.85,-76.68,-4.71,-312.83,146.77,-440.6,-290.48,-974.18,,,,,,,,,,,,,1.62,15012.098,207.9664,-0.25,-3.5,3.65675,2.075
2026-05-31,1.1659,159.27,0.781,1.3456,6.409,44.64,-117.72,-76.54,-2.98,-307.87,166.76,-456.51,-301.2,-1124.64,,,,,,,,,,,,,1.63,15695.465,208.2543,-0.625,-2.375,3.65465,2.153
2026-06-30,1.1422,162.55,0.8084,1.3262,6.5441,43.94,-120.36,-81.42,0.18,-316.9,187.02,-485.6,-329.83,-1274.55,,,,,,,,,,,,,1.67,15582.843,206.4442,-0.25,-2.875,3.74377,2.2272
2026-07-31,1.1527,157.4,0.8075,1.3483,6.4861,42.06,-115.14,-81.31,0.46,-304.34,170.5,-458.3,-330.4,-1173.0,,,,,,,,,,,,,1.83,15662.811,205.8643,1.125,-2.875,3.76475,2.31225
2026-08-31,,,,,,,,,,,,,,,,,,,,,,,,,,,,,,-0.125,-2.375,3.82607,2.4197
