month,ALL_eksp_total,ALL_afd_total,ALL_afd_dkk,ALL_afd_eur,ALL_afd_usd,ALL_afd_ovr,ALL_uafd_total,EUR_eksp_total,EUR_afd_total,EUR_afd_dkk,EUR_afd_eur,EUR_afd_usd,EUR_afd_ovr,EUR_uafd_total,USD_eksp_total,USD_afd_total,USD_afd_dkk,USD_afd_eur,USD_afd_usd,USD_afd_ovr,USD_uafd_total,USD_hedge_ratio,EUR_hedge_ratio,ALL_hedge_ratio
2015-01-31,1733.47,792.54,650.42,133.18,2.42,6.53,940.92,862.72,209.67,205.03,0.0,0.00,4.64,653.04,650.01,495.27,370.46,122.93,0.0,1.89,154.73,0.7619421239673235,0.24303366097922846,0.4571985670360606
2015-02-28,1772.45,817.73,665.5,143.52,5.05,3.66,954.72,860.9,220.48,218.04,0.0,2.00,0.44,640.43,685.25,502.28,372.72,126.34,0.0,3.22,182.97,0.7329879605983217,0.25610407712858635,0.46135575051482414
2015-03-31,1858.37,858.73,680.16,165.04,10.06,3.48,999.64,910.08,220.72,216.73,0.0,3.53,0.47,689.36,712.35,537.21,386.81,147.39,0.0,3.01,175.13,0.7541377132027796,0.24252812939521798,0.4620877435602168
2015-04-30,1823.23,889.74,696.26,176.91,10.08,6.5,933.49,904.37,233.84,229.87,0.0,3.45,0.52,670.52,685.98,544.48,383.61,154.89,0.0,5.98,141.5,0.793725764599551,0.2585667370655816,0.488002062274096
2015-05-31,1815.16,879.53,674.88,183.57,14.37,6.72,935.63,867.47,230.28,223.93,0.0,5.34,1.01,637.19,709.27,535.17,373.3,156.16,0.0,5.7,174.1,0.7545363542797524,0.26546162979699583,0.48454681680953743
2015-06-30,1751.47,882.59,661.07,190.04,22.62,8.87,868.87,811.48,237.06,218.44,0.0,16.04,2.58,574.42,698.47,536.04,365.35,164.4,0.0,6.28,162.43,0.767448852491875,0.2921328929856558,0.5039138552187591
2015-07-31,1745.02,847.41,634.89,191.68,11.59,9.25,897.61,824.22,208.18,201.97,0.0,3.66,2.54,616.05,678.32,531.06,357.6,166.75,0.0,6.7,147.27,0.7829048236820378,0.2525781951420737,0.48561621070245614
2015-08-31,1716.56,843.2,594.52,217.09,15.62,15.96,873.36,831.0,201.36,190.39,0.0,1.57,9.40,629.64,656.95,531.62,337.22,187.84,0.0,6.56,125.33,0.8092244463048938,0.24231046931407943,0.49121498811576647
2015-09-30,1710.51,833.07,590.13,222.36,12.63,7.95,877.44,841.31,199.6,196.63,0.0,1.44,1.53,641.71,647.63,528.13,330.42,191.3,0.0,6.41,119.5,0.8154810617173386,0.23724905207355196,0.48703018398021647
2015-10-31,1759.26,857.17,602.22,235.05,9.47,10.43,902.09,846.48,205.27,202.39,0.0,1.53,1.34,641.21,677.16,545.47,336.47,199.92,0.0,9.08,131.69,0.8055260204383012,0.2424983460920518,0.4872332685333606
2015-11-30,1834.41,873.57,604.23,252.03,9.04,8.28,960.84,864.89,204.92,203.18,0.0,0.41,1.32,659.97,718.75,559.0,337.39,214.66,0.0,6.95,159.75,0.7777391304347826,0.23693186416769763,0.47621306033002436
2015-12-31,1824.64,906.21,598.21,291.3,8.29,8.42,918.42,887.14,239.39,237.19,0.0,0.42,1.78,647.75,691.71,557.89,304.27,246.98,0.0,6.64,133.82,0.8065374217518901,0.26984466938701895,0.4966513942476324
2016-01-31,1857.47,929.99,610.77,301.59,8.98,8.66,927.47,933.73,261.52,259.31,0.0,0.28,1.92,672.22,686.54,554.31,298.07,249.51,0.0,6.73,132.23,0.8073965100358318,0.28008096558962436,0.5006756502123857
2016-02-29,1894.66,956.01,616.62,321.17,8.9,9.32,938.65,961.99,284.05,281.4,0.0,0.21,2.44,677.94,691.28,553.83,283.09,263.86,0.0,6.88,137.44,0.8011659530146975,0.2952733396397052,0.5045812969081523
2016-03-31,1899.8,961.92,616.68,329.29,7.0,8.96,937.88,975.47,285.57,283.34,0.0,0.28,1.94,689.9,680.09,558.47,281.36,270.09,0.0,7.02,121.63,0.821170727403726,0.2927511866074815,0.5063269817875565
2016-04-30,1920.56,989.23,623.43,345.93,10.18,9.69,931.33,979.42,300.03,298.1,0.0,0.23,1.70,679.39,689.09,565.16,274.27,282.91,0.0,7.99,123.93,0.8201541162983064,0.30633436115251883,0.5150737284958554
2016-05-31,1960.23,1017.01,638.34,357.81,10.51,10.35,943.22,985.69,309.74,307.39,0.0,0.43,1.92,675.95,722.77,577.57,275.45,293.68,0.0,8.43,145.2,0.7991062163620516,0.31423672757154886,0.5188217709146375
2016-06-30,1972.15,1004.26,633.16,357.61,9.03,4.45,967.89,1032.08,310.49,303.07,0.0,6.34,1.08,721.58,705.66,575.8,275.2,297.22,0.0,3.38,129.86,0.8159736983816569,0.3008390822416867,0.5092209010470806
2016-07-31,2018.35,1008.69,637.91,356.79,9.38,4.61,1009.66,1036.11,312.55,305.17,0.0,6.41,0.97,723.56,723.7,576.21,277.51,295.06,0.0,3.63,147.49,0.7962000829072821,0.30165715995405895,0.4997597047092923
2016-08-31,2028.26,1040.57,651.0,362.28,15.36,11.92,987.69,1026.01,321.8,313.68,0.0,6.36,1.76,704.21,731.0,589.76,280.57,299.02,0.0,10.17,141.24,0.8067852257181942,0.3136421672303389,0.5130358040882332
2016-09-30,2031.92,1043.47,673.48,359.83,4.4,5.76,988.44,1038.59,338.57,336.58,0.0,0.66,1.33,700.02,725.78,581.07,278.39,298.26,0.0,4.43,144.7,0.8006145112844113,0.325990044194533,0.5135389188550731
2016-10-31,2026.93,1071.87,667.66,380.75,10.68,12.79,955.06,1002.59,326.51,323.18,0.0,0.73,2.60,676.09,751.76,614.88,283.58,321.13,0.0,10.18,136.87,0.8179206129615835,0.32566652370360766,0.5288145125880025
2016-11-30,2025.23,1061.15,680.72,355.8,11.13,13.5,964.08,959.12,343.61,339.94,0.0,0.77,2.90,615.51,786.41,586.69,279.84,296.24,0.0,10.61,199.72,0.7460357828613574,0.35825548419384434,0.5239651792635899
2016-12-31,2036.86,1061.12,669.08,370.96,10.13,10.95,975.74,974.81,338.93,335.31,0.0,0.75,2.86,635.88,790.86,591.57,275.17,308.31,0.0,8.09,199.29,0.7480084970791291,0.3476882674572481,0.5209587305951316
2017-01-31,2007.82,1056.36,661.04,375.53,9.19,10.6,951.47,954.71,326.62,324.59,0.0,0.47,1.57,628.09,773.95,596.74,277.1,310.61,0.0,9.03,177.21,0.7710317203953744,0.3421143593342481,0.5261228596188902
2017-02-28,2082.72,1056.33,661.07,374.15,8.99,12.12,1026.39,977.47,314.31,312.84,0.0,0.53,0.94,663.16,811.87,610.47,286.87,312.42,0.0,11.18,201.4,0.7519307278258834,0.32155462571741333,0.5071877160636091
2017-03-31,2114.29,1101.88,695.8,382.86,9.17,14.05,1012.42,979.59,345.73,342.82,0.0,0.38,2.53,633.86,822.26,620.17,289.22,319.43,0.0,11.52,202.08,0.7542261571765622,0.35293337008340225,0.5211584030572911
2017-04-30,2104.91,1079.07,679.29,373.87,10.4,15.51,1025.84,982.95,330.93,326.1,0.0,0.60,4.23,652.02,810.37,608.5,289.05,308.17,0.0,11.28,201.88,0.7508915680491627,0.336670227376774,0.5126442460722787
2017-05-31,2132.24,1116.78,693.98,393.31,11.94,17.55,1015.46,1018.09,348.93,340.54,0.0,1.15,7.24,669.16,799.56,622.33,287.11,324.92,0.0,10.3,177.23,0.7783405873230278,0.34273001404590947,0.5237590515139009
2017-06-30,2184.81,1167.16,700.42,426.85,13.04,26.85,1017.64,1041.2,391.31,373.97,0.0,2.31,15.03,649.89,796.27,632.01,271.06,349.13,0.0,11.83,164.26,0.7937131877378276,0.37582597003457546,0.53421578993139
2017-07-31,2176.61,1169.8,707.1,424.41,12.75,25.55,1006.81,1048.46,391.83,376.38,0.0,2.22,13.23,656.63,780.81,628.64,272.22,344.1,0.0,12.32,152.17,0.8051126394385318,0.37371955057894435,0.5374412503847726
2017-08-31,2201.94,1156.79,691.42,422.43,14.04,28.9,1045.15,1070.69,387.92,367.21,0.0,3.01,17.71,682.77,786.4,616.5,261.76,343.55,0.0,11.19,169.9,0.7839521871820957,0.3623084179360973,0.5253503728530295
2017-09-30,2191.9,1147.39,690.05,417.18,14.94,25.22,1044.51,1056.85,388.67,370.75,0.0,3.80,14.13,668.18,796.35,599.38,252.64,335.64,0.0,11.1,196.96,0.7526590067181516,0.36776269101575443,0.5234682239153247
2017-10-31,2247.89,1161.28,708.66,406.16,19.06,27.4,1086.61,1076.77,400.06,381.81,0.0,4.09,14.15,676.71,815.48,600.4,258.18,328.98,0.0,13.24,215.07,0.7362534948741845,0.37153709705879623,0.5166089087989181
2017-11-30,2255.72,1189.55,715.68,418.83,21.64,33.4,1066.17,1089.88,413.36,392.76,0.0,2.95,17.64,676.52,810.9,597.98,252.0,330.22,0.0,15.76,212.93,0.7374275496362067,0.3792711124160458,0.5273482524426791
2017-12-31,2288.68,1231.63,742.76,442.79,21.15,24.93,1057.05,1103.82,426.17,414.82,0.0,1.81,9.55,677.65,823.76,618.45,262.54,340.53,0.0,15.38,205.32,0.7507647858599593,0.3860864996104438,0.5381398884946782
2018-01-31,2298.98,1245.23,738.45,460.46,18.86,27.46,1053.75,1104.06,407.14,394.36,0.0,1.55,11.23,696.92,821.45,654.12,276.19,361.7,0.0,16.23,167.32,0.7962992269766875,0.3687661902432839,0.5416445554115303
2018-02-28,2266.43,1228.74,750.96,428.45,20.41,28.92,1037.69,1073.84,422.39,407.72,0.0,2.28,12.39,651.45,825.78,627.46,276.19,334.74,0.0,16.53,198.32,0.7598391823488096,0.393345377337406,0.5421477830773508
2018-03-31,2235.62,1217.81,756.48,414.76,19.69,26.88,1017.81,1086.68,434.42,421.2,0.0,1.89,11.34,652.25,794.65,602.78,267.01,320.23,0.0,15.54,191.86,0.7585477883344869,0.3997681010048956,0.5447303208953221
2018-04-30,2242.13,1225.02,767.12,410.99,20.24,26.67,1017.12,1081.21,440.06,427.85,0.0,1.52,10.68,641.15,804.49,594.36,270.68,307.69,0.0,15.98,210.13,0.7388034655496029,0.40700696441949297,0.5463643945712335
2018-05-31,2304.5,1204.42,770.55,384.95,21.78,27.14,1100.07,1063.19,440.77,427.89,0.0,1.73,11.15,622.42,845.56,564.62,273.68,274.95,0.0,15.99,280.94,0.6677468186763802,0.4145731242769401,0.5226383163376004
2018-06-30,2352.17,1216.86,770.99,392.38,24.58,28.91,1135.31,1088.02,440.42,425.83,0.0,3.26,11.33,647.59,859.23,578.95,277.97,283.4,0.0,17.58,280.28,0.6738009613258383,0.40479035311850886,0.5173350565647891
2018-07-31,2370.65,1224.29,771.16,401.93,23.46,27.74,1146.36,1084.58,436.59,422.27,0.0,3.14,11.18,647.99,878.2,588.99,281.5,290.92,0.0,16.56,289.21,0.6706786608972899,0.40254291983993806,0.516436420391032
2018-08-31,2400.1,1233.88,776.39,407.33,23.52,26.63,1166.22,1106.33,442.43,428.06,0.0,3.29,11.08,663.9,893.37,590.8,281.97,293.28,0.0,15.55,302.57,0.6613161400091787,0.39990780327750314,0.5140952460314154
2018-09-30,2420.39,1274.77,798.36,428.95,22.24,25.22,1145.62,1115.17,450.89,439.12,0.0,2.58,9.19,664.29,901.87,621.5,291.57,313.9,0.0,16.02,280.37,0.6891237096255558,0.4043240044118834,0.5266795846950285
2018-10-31,2373.11,1263.62,782.9,415.19,23.6,41.93,1109.49,1096.79,459.52,431.39,0.0,2.68,25.45,637.27,887.61,606.49,288.57,301.44,0.0,16.49,281.12,0.6832843253230586,0.4189680795776767,0.5324742637298734
2018-11-30,2393.29,1267.46,791.58,411.45,22.94,41.49,1125.83,1099.58,470.2,442.65,0.0,2.69,24.86,629.38,896.67,595.94,284.61,294.7,0.0,16.63,300.73,0.6646146296853916,0.4276178177122174,0.5295889758449666
2018-12-31,2334.62,1289.71,816.81,402.81,25.14,44.96,1044.91,1091.82,495.57,468.01,0.0,2.60,24.96,596.25,861.27,592.48,283.96,288.52,0.0,19.99,268.79,0.6879143590279472,0.4538934989283948,0.5524282324318305
2019-01-31,2455.99,1288.86,807.98,415.02,20.56,45.31,1167.13,1151.38,493.69,462.91,0.0,2.46,28.32,657.69,899.24,600.5,281.88,301.63,0.0,16.99,298.74,0.6677861305102086,0.42878111483610964,0.5247822670287745
2019-02-28,2488.15,1307.22,808.2,433.0,21.19,44.82,1180.92,1156.51,484.88,454.51,0.0,2.50,27.87,671.63,918.41,620.24,290.55,312.73,0.0,16.96,298.18,0.6753410786032382,0.4192613985179549,0.5253782931093383
2019-03-31,2559.19,1293.96,805.9,419.55,23.28,45.23,1265.23,1180.56,491.88,461.76,0.0,2.61,27.51,688.68,949.96,599.06,282.11,299.23,0.0,17.72,350.9,0.6306160259379342,0.4166497255539744,0.5056131041462337
2019-04-30,2600.55,1299.69,793.29,428.52,33.98,43.9,1300.86,1197.85,482.06,453.35,0.0,2.73,25.98,715.79,971.66,589.63,278.68,293.03,0.0,17.93,382.02,0.6068274910977091,0.4024377008807447,0.49977504758608754
2019-05-31,2536.14,1247.49,785.67,387.27,24.84,49.71,1288.65,1165.29,468.82,432.54,0.0,2.93,33.35,696.47,939.81,569.73,293.16,260.22,0.0,16.36,370.07,0.6062182781626074,0.4023204524195694,0.49188530601622943
2019-06-30,2618.09,1320.39,827.95,420.93,22.31,49.2,1297.7,1229.97,507.21,471.01,0.0,2.75,33.44,722.76,951.66,610.81,296.67,298.38,0.0,15.76,340.86,0.6418363701321901,0.4123759116076002,0.5043333116890558
2019-07-31,2738.56,1379.3,855.51,449.98,24.0,49.81,1359.26,1304.54,537.56,501.55,0.0,2.81,33.21,766.97,994.54,638.14,294.66,326.88,0.0,16.61,356.39,0.641643372815573,0.4120686218897082,0.5036588572096284
2019-08-31,2774.95,1374.96,846.72,454.75,25.54,47.94,1399.99,1354.01,540.4,504.72,0.0,2.73,32.95,813.62,991.21,636.97,287.86,334.11,0.0,15.0,354.25,0.6426186176491359,0.39911078943286976,0.49549000882898797
2019-09-30,2851.92,1451.11,867.14,509.98,25.74,48.26,1400.8,1391.62,547.52,511.66,0.0,2.79,33.07,844.1,1017.38,703.79,299.89,388.72,0.0,15.19,313.59,0.6917670880103796,0.3934407381325362,0.508818620438161
2019-10-31,2825.81,1450.08,869.57,508.66,23.13,48.72,1375.73,1379.13,549.58,514.73,0.0,2.72,32.12,829.55,1002.72,703.62,298.73,388.3,0.0,16.59,299.1,0.7017113451412159,0.3984976035616657,0.5131555200101917
2019-11-30,2923.35,1513.87,901.09,536.01,24.31,52.46,1409.48,1415.15,566.18,531.18,0.0,2.78,32.22,848.97,1036.99,738.72,311.01,407.47,0.0,20.24,298.27,0.7123694539002305,0.40008479666466445,0.5178545162228265
2019-12-31,2938.22,1525.6,895.41,552.79,24.51,52.89,1412.61,1418.14,561.78,527.17,0.0,2.64,31.98,856.35,1038.63,749.37,308.23,420.23,0.0,20.91,289.27,0.7214985124635336,0.39613860408704354,0.5192259259007154
2020-01-31,3014.12,1555.07,897.78,601.03,18.71,37.55,1459.05,1505.25,555.37,541.61,0.0,2.68,11.08,949.88,1037.63,784.7,295.38,462.85,0.0,26.47,252.93,0.7562425912897661,0.3689553230360405,0.5159283638342202
2020-02-29,2967.46,1560.89,906.81,595.12,17.79,41.17,1406.57,1510.62,564.69,548.15,0.0,2.84,13.69,945.94,1008.71,786.31,295.51,463.32,0.0,27.47,222.4,0.7795203775118715,0.37381340112006994,0.5260020354107554
2020-03-31,2645.37,1412.46,876.52,488.13,14.61,33.19,1232.91,1363.56,565.86,551.77,0.0,2.11,11.99,797.7,892.57,658.82,272.44,365.17,0.0,21.2,233.75,0.7381157780342158,0.4149872392854,0.5339366515837104
2020-04-30,2794.7,1469.62,882.76,541.5,12.19,33.17,1325.08,1437.7,562.35,548.45,0.0,2.08,11.82,875.35,941.19,712.31,280.91,410.06,0.0,21.35,228.88,0.7568184957341237,0.39114557974542674,0.5258596629334097
2020-05-31,2816.13,1492.84,895.73,550.79,14.23,32.1,1323.28,1425.63,554.99,540.28,0.0,2.49,12.22,870.65,966.39,734.57,302.35,412.35,0.0,19.88,231.81,0.7601175508852535,0.38929455749387987,0.5301033688075479
2020-06-30,2874.71,1538.43,921.04,574.76,14.41,28.23,1336.28,1457.93,571.43,556.38,0.0,2.09,12.96,886.5,985.72,760.5,309.78,435.45,0.0,15.27,225.22,0.7715172665665706,0.3919461153827687,0.5351600683199349
2020-07-31,2912.19,1565.07,933.03,592.68,10.51,28.86,1347.12,1501.37,568.74,552.37,0.0,2.06,14.31,932.63,981.0,791.34,327.64,449.15,0.0,14.55,189.67,0.8066666666666668,0.3788140165315679,0.5374202919452371
2020-08-31,2883.53,1550.39,926.94,579.07,13.47,30.92,1333.13,1453.84,551.61,535.5,0.0,2.02,14.09,902.23,990.03,790.6,334.25,439.52,0.0,16.82,199.43,0.7985616597476844,0.37941589170747814,0.5376708409484209
2020-09-30,2955.98,1576.64,941.49,588.87,13.66,32.61,1379.34,1498.2,569.57,551.83,0.0,2.25,15.49,928.62,1012.13,788.52,332.2,439.2,0.0,17.12,223.6,0.779069882327369,0.3801695367774663,0.5333730268811021
2020-10-31,2938.3,1542.15,916.16,580.02,13.67,32.31,1396.15,1488.03,559.03,541.77,0.0,1.62,15.64,929.0,1000.28,764.08,316.95,430.46,0.0,16.67,236.2,0.7638661174871036,0.3756846300141798,0.5248442977231733
2020-11-30,3072.39,1606.71,940.61,621.61,13.19,31.3,1465.68,1543.69,562.92,545.46,0.0,1.59,15.87,980.77,1048.99,815.14,335.1,464.6,0.0,15.43,233.85,0.7770712780865404,0.36465870738295897,0.5229511878374816
2020-12-31,3105.57,1631.92,949.8,634.69,13.88,33.56,1473.65,1562.71,572.08,554.3,0.0,1.54,16.24,990.62,1058.63,819.7,333.3,469.08,0.0,17.32,238.93,0.7743026364263246,0.36608199857939094,0.5254816346113595
2021-01-31,3130.8,1682.27,977.95,648.41,14.91,40.99,1448.52,1555.26,591.39,567.75,0.0,0.00,23.65,963.87,1078.01,837.36,346.22,473.79,0.0,17.35,240.66,0.7767645940204636,0.3802515335056518,0.5373291171585537
2021-02-28,3128.69,1667.44,962.67,649.12,15.01,40.65,1461.25,1522.59,600.63,579.54,0.0,0.00,21.09,921.96,1101.47,812.09,326.48,466.05,0.0,19.56,289.38,0.7372783643676178,0.39447914409000456,0.5329514908795694
2021-03-31,3246.55,1712.95,973.25,684.06,18.04,37.6,1533.6,1574.85,649.35,631.21,0.0,0.00,18.13,925.5,1164.54,806.61,289.67,497.47,0.0,19.47,357.93,0.6926425884898758,0.41232498333174594,0.5276216291139825
2021-04-30,3310.8,1762.0,984.05,721.16,15.33,41.46,1548.8,1605.65,657.61,640.46,0.0,0.00,17.15,948.04,1181.01,844.4,290.65,529.45,0.0,24.31,336.6,0.7149812448666819,0.4095599912807897,0.5321976561556119
2021-05-31,3363.71,1784.51,991.25,742.97,15.69,34.6,1579.2,1641.22,647.88,634.67,0.0,0.00,13.21,993.35,1193.2,867.96,298.64,547.93,0.0,21.4,325.25,0.7274220583305397,0.394755121190334,0.5305183859488481
2021-06-30,3409.78,1802.36,1000.95,750.49,16.74,34.18,1607.42,1656.78,648.79,635.29,0.0,0.00,13.50,1007.99,1206.89,877.55,309.13,547.75,0.0,20.67,329.34,0.7271168043483663,0.39159695312594306,0.5285854219333798
2021-07-31,3513.21,1836.94,1002.48,780.06,21.0,33.39,1676.27,1723.49,659.97,646.52,0.0,0.00,13.45,1063.52,1236.22,889.41,304.14,565.33,0.0,19.94,346.81,0.7194593195385934,0.3829265037801206,0.5228665522413974
2021-08-31,3603.02,1847.17,1013.9,784.77,21.99,26.51,1755.85,1725.07,653.33,644.62,0.0,0.00,8.71,1071.75,1312.17,904.03,319.05,567.18,0.0,17.81,408.13,0.6889579856268623,0.37872666036740543,0.5126727023441446
2021-09-30,3547.75,1854.89,1026.08,780.84,21.81,26.16,1692.86,1697.47,661.63,653.74,0.0,0.07,7.83,1035.83,1291.5,899.41,321.84,559.24,0.0,18.34,392.09,0.6964072783584978,0.38977419335835095,0.5228356000281869
2021-10-31,3631.6,1847.69,1009.2,783.81,29.59,25.09,1783.91,1731.91,641.8,634.29,0.0,0.00,7.51,1090.1,1339.95,911.5,324.35,569.58,0.0,17.57,428.45,0.6802492630322027,0.3705735286475625,0.5087812534420091
2021-11-30,3623.69,1820.21,1010.43,769.76,15.56,24.46,1803.48,1741.5,635.45,629.27,0.0,0.00,6.18,1106.05,1334.63,895.34,329.06,547.99,0.0,18.29,439.29,0.6708525958505354,0.364886592018375,0.5023084204222767
2021-12-31,3667.91,1846.2,1025.65,781.6,15.86,23.09,1821.7,1741.1,650.21,644.89,0.0,0.00,5.32,1090.89,1376.78,904.17,331.72,554.69,0.0,17.76,472.6,0.6567280175481921,0.3734478203434611,0.503338413428901
2022-01-31,3522.57,1810.62,1011.06,763.52,14.9,21.13,1711.94,1699.15,653.18,648.07,0.0,0.00,5.11,1045.97,1299.04,878.87,315.15,547.7,0.0,16.02,420.17,0.6765534548589728,0.38441573728040485,0.5140053994668665
2022-02-28,3425.87,1804.9,1007.57,760.37,10.06,26.9,1620.97,1649.94,657.71,652.33,0.0,0.00,5.38,992.24,1254.59,877.31,306.67,549.13,0.0,21.52,377.28,0.6992802429478954,0.3986266167254567,0.5268442760525064
2022-03-31,3446.25,1801.08,1002.78,761.19,8.41,28.69,1645.17,1633.83,646.05,639.83,0.0,0.00,6.22,987.78,1290.83,883.41,311.44,549.5,0.0,22.47,407.42,0.6843736200739059,0.3954205761921375,0.522620239390642
2022-04-30,3359.03,1767.74,987.49,741.32,14.52,24.4,1591.3,1570.58,635.69,627.5,0.0,1.74,6.44,934.89,1277.23,866.37,310.29,538.12,0.0,17.96,410.86,0.678319488267579,0.40474856422468136,0.5262650229381696
2022-05-31,3303.28,1754.47,989.6,732.62,9.09,23.17,1548.81,1547.45,638.4,631.48,0.0,0.00,6.92,909.05,1256.71,855.8,309.19,530.36,0.0,16.25,400.91,0.6809844753363942,0.4125496785033442,0.5311296650601826
2022-06-30,3171.5,1710.67,971.93,704.55,10.08,24.12,1460.83,1492.49,635.32,625.3,0.0,0.00,10.02,857.17,1208.92,832.18,296.0,522.07,0.0,14.1,376.74,0.6883664758627535,0.4256778939892395,0.5393883020652688
2022-07-31,3372.27,1763.87,996.94,727.57,12.97,26.38,1608.4,1579.17,656.07,646.1,0.0,0.00,9.97,923.1,1305.55,859.86,301.94,541.51,0.0,16.41,445.69,0.658618972846693,0.4154524212086096,0.5230512384832768
2022-08-31,3294.31,1770.86,1005.86,727.52,13.77,23.7,1523.45,1524.83,643.66,636.48,0.0,0.00,7.18,881.17,1287.7,873.45,318.93,538.0,0.0,16.52,414.25,0.6783023996272424,0.4221191870569178,0.5375511108547768
2022-09-30,3077.76,1692.31,987.37,673.85,8.92,22.17,1385.45,1421.42,629.92,622.18,0.0,0.00,7.74,791.5,1225.44,836.07,314.91,506.74,0.0,14.43,389.36,0.6822610654132394,0.44316247133148534,0.5498511904761905
2022-10-31,3122.52,1677.28,975.04,670.3,10.75,21.19,1445.24,1435.65,614.22,606.59,0.0,0.00,7.63,821.42,1262.2,845.7,320.07,512.06,0.0,13.57,416.5,0.670020598954207,0.4278340821230801,0.5371558869118532
2022-11-30,3242.94,1731.65,979.49,711.06,18.22,22.88,1511.29,1524.29,617.44,609.6,0.0,0.00,7.84,906.84,1268.14,887.66,320.09,552.53,0.0,15.04,380.47,0.6999700348541958,0.4050672772241503,0.533975343361271
2022-12-31,3135.86,1756.92,985.67,730.59,16.48,24.18,1378.94,1493.99,621.12,611.84,0.0,0.00,9.28,872.88,1197.87,907.03,322.62,569.51,0.0,14.9,290.83,0.7572023675357092,0.4157457546569924,0.5602673588744396
2023-01-31,3311.35,1810.21,999.14,765.69,21.04,24.34,1501.14,1573.97,619.3,609.92,0.0,0.00,9.38,954.68,1244.19,947.47,331.64,600.87,0.0,14.96,296.72,0.7615155241562783,0.3934636619503548,0.5466682772887191
2023-02-28,3297.07,1793.22,980.62,769.42,18.77,24.4,1503.84,1567.31,619.49,610.62,0.0,0.00,8.88,947.82,1246.39,931.79,314.01,602.26,0.0,15.53,314.6,0.7475910429319875,0.39525684133962014,0.5438829020918573
2023-03-31,3305.13,1783.24,975.74,767.63,17.21,22.66,1521.89,1582.88,623.61,614.98,0.0,0.00,8.62,959.27,1238.86,924.66,307.34,603.28,0.0,14.04,314.2,0.7463797362090955,0.3939717477003942,0.5395370227494833
2023-04-30,3300.11,1781.7,982.29,759.02,18.58,21.81,1518.41,1587.64,631.88,622.91,0.0,0.00,8.97,955.76,1232.46,918.06,306.72,598.5,0.0,12.84,314.4,0.7449004430164061,0.3979995464966869,0.539891094539273
2023-05-31,3330.21,1783.67,978.44,765.26,19.87,20.1,1546.54,1588.86,643.87,635.94,0.0,0.00,7.93,944.99,1270.82,905.8,292.68,600.96,0.0,12.17,365.02,0.7127681339607498,0.40524023513714236,0.5356028598797073
2023-06-30,3359.13,1799.02,988.1,771.27,18.55,21.09,1560.12,1599.59,644.34,635.41,0.0,0.00,8.93,955.25,1286.36,920.63,302.5,605.97,0.0,12.16,365.73,0.7156861220809105,0.40281572152864176,0.5355612911676535
2023-07-31,3433.48,1843.47,1007.76,798.09,17.27,20.35,1590.01,1635.09,652.71,643.75,0.0,0.00,8.96,982.39,1311.3,959.36,313.86,634.11,0.0,11.39,351.94,0.7316098528178144,0.3991890354659377,0.5369100737444226
2023-08-31,3402.82,1828.9,995.87,795.75,19.22,18.07,1573.91,1622.4,645.09,638.2,0.0,0.00,6.89,977.31,1311.24,949.33,305.44,632.71,0.0,11.18,361.91,0.7239940819377079,0.3976146449704142,0.5374659840955442
2023-09-30,3363.49,1830.5,979.1,814.29,19.74,17.37,1532.99,1600.7,654.03,646.67,0.0,0.00,7.36,946.67,1304.94,940.9,283.74,647.15,0.0,10.01,364.03,0.7210293193556792,0.4085899918785531,0.5442263839048131
2023-10-31,3318.1,1840.46,998.67,806.99,17.51,17.28,1477.64,1590.69,688.01,680.12,0.0,0.00,7.89,902.68,1284.65,920.27,270.95,639.93,0.0,9.39,364.38,0.7163585412369127,0.43252299316648746,0.5546728549471083
2023-11-30,3461.23,1891.84,1007.11,850.03,16.67,18.03,1569.39,1660.57,681.8,675.06,0.0,0.00,6.75,978.77,1339.77,974.67,283.77,679.61,0.0,11.28,365.1,0.7274905394209453,0.4105819086217383,0.5465802619300075
2023-12-31,3593.14,1889.22,986.0,869.89,13.55,19.78,1703.92,1746.1,662.63,655.47,0.0,0.00,7.16,1083.47,1368.34,996.94,284.2,700.11,0.0,12.62,371.41,0.7285762310536855,0.37949143806196667,0.5257852463305076
2024-01-31,3632.38,1893.77,995.43,858.85,20.19,19.31,1738.6,1732.96,667.93,654.39,0.0,0.00,13.54,1065.03,1414.73,983.77,294.86,683.15,0.0,5.76,430.96,0.6953765029369562,0.3854272458683408,0.5213578975767954
2024-02-29,3690.28,1924.11,1011.14,870.14,22.5,20.33,1766.17,1742.47,679.26,668.31,0.0,0.00,10.95,1063.21,1459.01,999.08,296.33,693.36,0.0,9.38,459.94,0.684765697287887,0.38982593674496546,0.5213994602035618
2024-03-31,3769.27,1932.85,1002.26,881.72,29.97,18.9,1836.42,1764.31,676.23,664.31,0.0,0.00,11.92,1088.07,1509.45,997.3,291.11,699.21,0.0,6.98,512.15,0.660704230017556,0.3832829831492198,0.5127916015568001
2024-04-30,3718.17,1954.93,1018.39,881.78,36.18,18.59,1763.24,1737.63,693.42,681.59,0.0,0.00,11.82,1044.21,1494.24,999.09,286.18,706.14,0.0,6.76,495.15,0.6686275297141022,0.3990607896963104,0.5257774657963461
2024-05-31,3750.84,1956.47,1014.61,889.68,31.25,20.92,1794.37,1745.33,684.02,671.72,0.0,0.00,12.30,1061.31,1502.18,1006.73,293.07,705.03,0.0,8.62,495.45,0.67017933936013,0.3919144230603955,0.5216084930308944
2024-06-30,3820.89,1970.08,1010.69,901.92,36.73,20.73,1850.81,1768.99,679.57,666.21,0.0,0.00,13.36,1089.42,1539.81,1016.3,293.08,715.85,0.0,7.37,523.51,0.6600164955416578,0.3841570613740044,0.5156076202141386
2024-07-31,3866.32,1980.78,1015.98,908.17,33.87,22.76,1885.54,1788.94,685.21,671.44,0.0,0.00,13.77,1103.73,1552.15,1015.79,291.18,715.62,0.0,8.99,536.36,0.6544406146313178,0.3830257023712366,0.5123166214902025
2024-08-31,3876.63,1968.63,1010.2,907.27,23.15,28.01,1908.0,1790.48,675.54,660.74,0.0,0.00,14.80,1114.94,1544.12,1025.28,297.86,714.22,0.0,13.21,518.83,0.6639898453488071,0.37729547383941736,0.5078199363880483
2024-09-30,3925.68,1991.67,1011.78,927.73,28.15,24.02,1934.01,1815.22,664.86,654.97,0.0,0.00,9.88,1150.36,1560.44,1053.79,302.54,737.12,0.0,14.13,506.65,0.6753159365307221,0.36626965326516897,0.5073439506021887
2024-10-31,3966.36,2009.88,1010.98,943.44,35.66,19.8,1956.49,1824.86,665.36,656.01,0.0,0.00,9.35,1159.5,1597.81,1071.82,308.25,753.13,0.0,10.45,525.99,0.6708056652543168,0.3646087919073244,0.5067316128641879
2024-11-30,4169.97,2063.54,1042.75,955.91,47.43,17.45,2106.43,1897.83,697.93,688.67,0.0,0.00,9.26,1199.9,1721.92,1080.21,308.36,763.65,0.0,8.19,641.71,0.6273287957628694,0.3677515899738122,0.4948572771506749
2024-12-31,4126.08,2082.67,1057.16,961.86,48.1,15.54,2043.41,1870.0,723.34,714.97,0.0,..,..,1146.66,1707.68,1069.59,297.78,763.85,0.0,7.96,638.09,0.6263410006558605,0.38681283422459894,0.5047575422677214
2025-01-31,4153.0,2080.47,1070.89,951.11,41.03,17.43,2072.53,1866.15,725.72,717.53,0.0,0.00,8.19,1140.42,1729.48,1067.98,307.5,751.24,0.0,9.24,661.49,0.617515091241298,0.3888862095758647,0.500955935468336
2025-02-28,4158.09,2062.57,1054.74,943.13,41.11,23.59,2095.52,1883.02,707.93,694.87,0.0,0.00,13.05,1175.09,1700.09,1063.78,309.99,743.26,0.0,10.53,636.32,0.6257198148333324,0.3759545835944387,0.49603784429870446
2025-03-31,4005.78,2075.24,1070.12,954.39,31.36,19.37,1930.54,1869.47,731.87,723.88,0.0,0.00,7.99,1137.6,1572.88,1066.85,299.1,756.38,0.0,11.38,506.03,0.678278063170744,0.3914852872739332,0.5180614012751573
2025-04-30,3965.51,2097.38,1066.0,987.12,25.57,18.68,1868.13,1920.18,731.76,724.82,0.0,0.00,6.94,1188.42,1491.42,1106.47,295.31,799.42,0.0,11.75,384.94,0.7418902790629065,0.3810892728806674,0.5289054875665425
2025-05-31,4149.85,2157.97,1067.61,1038.35,26.33,25.69,1991.88,1967.7,719.17,711.85,0.0,0.00,7.32,1248.53,1580.74,1162.58,306.92,837.29,0.0,18.37,418.16,0.7354656679782886,0.36548762514610966,0.5200115666831331
2025-06-30,4157.56,2179.77,1083.91,1042.2,25.05,28.62,1977.78,1966.07,723.19,715.27,0.0,0.00,7.92,1242.89,1595.5,1174.55,319.54,834.31,0.0,20.71,420.95,0.7361642118458164,0.36783532631086385,0.5242906897314771
2025-07-31,4238.91,2191.87,1092.1,1042.17,28.02,29.58,2047.04,1956.34,719.17,710.92,0.0,0.00,8.25,1237.17,1667.46,1178.05,330.48,826.23,0.0,21.33,489.42,0.7064937089945186,0.3676099246552235,0.517083401157373
2025-08-31,4234.49,2183.62,1080.36,1044.22,29.87,29.17,2050.87,1950.2,709.17,700.96,0.0,0.00,8.21,1241.03,1660.67,1175.72,329.04,825.72,0.0,20.97,484.95,0.7079793095557817,0.3636396267049533,0.5156748510446358
2025-09-30,4350.81,2251.84,1097.1,1093.11,30.87,30.76,2098.97,2008.88,718.86,709.75,0.0,0.00,9.11,1290.02,1699.79,1224.22,332.02,870.55,0.0,21.65,475.58,0.7202183799175192,0.35784118513798735,0.5175679930863448
2025-10-31,4527.23,2329.32,1127.69,1129.97,39.96,31.7,2197.91,2088.33,735.53,726.19,0.0,0.00,9.35,1352.79,1771.6,1265.27,342.95,899.96,0.0,22.36,506.33,0.714196206818695,0.3522096603506151,0.5145132895832552
2025-11-30,4535.78,2342.58,1138.92,1127.87,46.61,29.18,2193.2,2096.44,754.52,745.67,0.0,0.00,8.86,1341.92,1772.8,1253.94,336.42,897.2,0.0,20.32,518.86,0.7073217509025271,0.35990536337791684,0.516466848039367
2025-12-31,4460.29,2292.26,1159.07,1073.23,29.5,30.45,2168.04,2049.77,767.77,758.94,0.0,0.00,8.83,1282.0,1726.58,1246.91,345.71,879.58,0.0,21.62,479.67,0.7221848973114482,0.37456397547041864,0.5139262245280016
2026-01-31,4507.99,2298.28,1166.24,1074.89,26.08,31.07,2209.71,2080.03,778.92,770.59,0.0,0.00,8.32,1301.12,1719.7,1246.8,341.94,882.12,0.0,22.74,472.9,0.725010176193522,0.3744753681437286,0.5098236686416785
2026-02-28,4574.81,2276.63,1156.03,1054.73,35.95,29.91,2298.19,2077.7,769.81,761.44,0.0,0.00,8.37,1307.89,1738.76,1221.87,340.42,859.92,0.0,21.53,516.9,0.7027249304101774,0.3705106608268759,0.49764471092788554
2026-03-31,4372.27,2215.6,1142.96,1001.86,43.05,27.74,2156.67,1969.64,765.64,756.9,0.0,0.00,8.74,1204.0,1705.15,1159.99,331.26,809.73,0.0,19.0,545.16,0.6802861918306307,0.38872078146260225,0.5067390623177433
2026-04-30,4600.17,2282.79,1153.47,1057.52,41.74,30.06,2317.38,2037.12,766.07,757.7,0.0,0.00,8.37,1271.04,1813.46,1231.77,350.37,859.72,0.0,21.68,581.69,0.6792374797348715,0.3760554115614201,0.4962403563346572
2026-05-31,4774.64,2348.23,1177.21,1089.21,50.85,30.95,2426.41,2115.21,793.57,779.58,0.0,..,..,1321.63,1887.53,1252.97,351.86,879.77,0.0,21.34,634.56,0.6638146148670485,0.375173150656436,0.491812995325302
2026-06-30,4804.59,2369.27,1210.62,1066.31,62.66,29.68,2435.32,2096.76,823.66,807.92,0.0,..,..,1273.1,1923.12,1234.94,355.9,859.92,0.0,19.12,688.18,0.6421544157410874,0.3928251206623552,0.4931263645805365
2026-07-31,4789.8,2368.25,1210.62,1065.51,60.1,32.03,2421.55,2084.43,826.98,809.26,0.0,..,..,1257.45,1916.06,1231.3,354.02,857.03,0.0,20.25,684.76,0.6426207947559054,0.3967415552453189,0.49443609336506744
