month,GPR,GPRT,GPRA,GPRC_USA
2010-01-31,91.58102416992188,84.97299194335938,100.41094207763672,2.0555288791656494
2010-02-28,80.72535705566406,78.84627532958984,80.71173858642578,1.8095757961273193
2010-03-31,74.116943359375,73.49691009521484,70.03934478759766,1.6630464792251587
2010-04-30,88.76158142089844,92.05691528320312,81.26840209960938,1.9718109369277954
2010-05-31,88.95870971679688,87.49411010742188,85.85739135742188,2.033574342727661
2010-06-30,96.45369720458984,110.69171905517578,70.9886245727539,2.119023084640503
2010-07-31,79.38137817382812,75.18537902832031,84.04823303222656,1.6248153448104858
2010-08-31,80.99386596679688,71.95153045654297,85.98257446289062,1.7309353351593018
2010-09-30,71.16854858398438,68.94754028320312,69.29395294189453,1.5473343133926392
2010-10-31,65.99193572998047,62.0961799621582,76.16891479492188,1.4335503578186035
2010-11-30,94.70516967773438,98.68914794921875,83.2665023803711,2.0334718227386475
2010-12-31,97.20389556884766,100.3976821899414,91.7621078491211,2.1148834228515625
2011-01-31,79.42161560058594,76.59356689453125,78.8069839477539,1.5277677774429321
2011-02-28,90.01448822021484,90.18933868408203,85.48683166503906,1.802498698234558
2011-03-31,136.8883056640625,126.96572875976562,157.47984313964844,2.9379470348358154
2011-04-30,91.01776885986328,72.92317962646484,111.94474029541016,1.9177788496017456
2011-05-31,105.34491729736328,95.50663757324219,123.82610321044922,2.2956907749176025
2011-06-30,84.391845703125,71.39112854003906,98.27275848388672,1.7967090606689453
2011-07-31,78.92475891113281,59.019046783447266,102.11175537109375,1.5707964897155762
2011-08-31,86.95156860351562,63.504676818847656,112.49906158447266,1.704949975013733
2011-09-30,83.35044860839844,70.606689453125,95.26744079589844,1.6370738744735718
2011-10-31,76.33993530273438,64.18510437011719,92.34331512451172,1.5346795320510864
2011-11-30,83.15767669677734,95.57453155517578,70.11003875732422,1.7399039268493652
2011-12-31,85.34132385253906,88.89408111572266,77.47647857666016,1.8332573175430298
2012-01-31,79.63497161865234,93.6095962524414,62.06843185424805,1.7756315469741821
2012-02-29,92.4458236694336,104.2074966430664,78.59986114501953,1.9082080125808716
2012-03-31,88.75997924804688,87.85648345947266,85.85698699951172,1.910476565361023
2012-04-30,96.01668548583984,101.92078399658203,86.38436889648438,1.9654715061187744
2012-05-31,78.17115783691406,80.6348876953125,69.74354553222656,1.6257225275039673
2012-06-30,77.82243347167969,70.23216247558594,82.17473602294922,1.488796591758728
2012-07-31,82.80802154541016,79.33626556396484,91.00080108642578,1.6981786489486694
2012-08-31,74.87835693359375,70.9891586303711,78.11161804199219,1.7376681566238403
2012-09-30,69.28050994873047,68.40282440185547,65.87126159667969,1.5685700178146362
2012-10-31,81.66366577148438,74.20600891113281,88.03089904785156,1.5631542205810547
2012-11-30,81.38964080810547,75.65846252441406,89.04841613769531,1.5683213472366333
2012-12-31,74.83155822753906,66.24052429199219,82.9786148071289,1.5649269819259644
2013-01-31,90.6574935913086,84.139892578125,108.9493179321289,1.757733702659607
2013-02-28,81.59033203125,77.60531616210938,85.65817260742188,1.8393527269363403
2013-03-31,75.89672088623047,81.89175415039062,69.39681243896484,1.6417275667190552
2013-04-30,95.10787200927734,99.5219497680664,87.4727554321289,2.2199759483337402
2013-05-31,83.71731567382812,75.3292236328125,98.22759246826172,1.7678042650222778
2013-06-30,82.97300720214844,78.82188415527344,86.63420104980469,1.8646067380905151
2013-07-31,73.97581481933594,71.55718994140625,72.67587280273438,1.4333962202072144
2013-08-31,90.95674896240234,80.73957824707031,106.97908782958984,2.058542251586914
2013-09-30,100.4593276977539,100.38423156738281,100.16348266601562,2.3628108501434326
2013-10-31,72.95311737060547,65.50166320800781,78.73002624511719,1.5660603046417236
2013-11-30,77.77902221679688,92.4988784790039,52.43838119506836,1.7572429180145264
2013-12-31,70.37248992919922,70.09461212158203,66.79072570800781,1.631973385810852
2014-01-31,77.91596984863281,70.48076629638672,83.1458969116211,1.6967792510986328
2014-02-28,69.00352478027344,73.27865600585938,59.08655548095703,1.4558274745941162
2014-03-31,119.83855438232422,151.67477416992188,74.0618896484375,2.701395273208618
2014-04-30,93.22154235839844,113.13993072509766,60.90629959106445,2.1098711490631104
2014-05-31,83.4288558959961,91.6987533569336,76.15043640136719,1.802445888519287
2014-06-30,98.76710510253906,95.32296752929688,107.18201446533203,2.1296002864837646
2014-07-31,138.7539520263672,162.71510314941406,118.54683685302734,2.9183337688446045
2014-08-31,136.44558715820312,158.59349060058594,112.11448669433594,2.797318458557129
2014-09-30,131.55665588378906,143.3953857421875,120.78192138671875,2.9062299728393555
2014-10-31,83.66100311279297,86.33345031738281,77.19393157958984,1.7717283964157104
2014-11-30,84.38005065917969,88.46994018554688,76.33753204345703,1.7623627185821533
2014-12-31,86.5262222290039,81.27322387695312,96.23736572265625,1.7766165733337402
2015-01-31,111.9856948852539,83.50390625,153.33984375,2.1024417877197266
2015-02-28,111.92469787597656,118.22520446777344,107.79053497314453,2.4174420833587646
2015-03-31,104.23526763916016,117.48873138427734,83.63285064697266,2.496189832687378
2015-04-30,102.19049072265625,110.18872833251953,95.08645629882812,2.4401650428771973
2015-05-31,76.2623291015625,77.66873168945312,72.86188507080078,1.6674505472183228
2015-06-30,85.90596771240234,81.06608581542969,88.7894287109375,1.9097522497177124
2015-07-31,106.80866241455078,120.84297180175781,86.16881561279297,2.4546518325805664
2015-08-31,82.47853088378906,85.33859252929688,74.0282974243164,1.8612760305404663
2015-09-30,98.7674560546875,115.88518524169922,79.34535217285156,2.2881503105163574
2015-10-31,91.931884765625,79.726318359375,108.51441955566406,2.0396578311920166
2015-11-30,150.71588134765625,113.04398345947266,213.99351501464844,3.168949842453003
2015-12-31,148.23687744140625,115.224365234375,204.6312713623047,3.349400043487549
2016-01-31,118.21114349365234,124.23914337158203,109.52909851074219,2.507415533065796
2016-02-29,103.74964904785156,91.322021484375,117.58201599121094,2.245816707611084
2016-03-31,109.72029113769531,98.02693176269531,127.76814270019531,2.448961019515991
2016-04-30,85.22145080566406,80.82244110107422,93.12298583984375,2.012362241744995
2016-05-31,88.3324203491211,84.46136474609375,93.63965606689453,1.9210634231567383
2016-06-30,90.16812896728516,80.51286315917969,100.85737609863281,1.7746731042861938
2016-07-31,114.6104507446289,97.0980453491211,145.14874267578125,2.4603447914123535
2016-08-31,98.73848724365234,82.44046783447266,121.45369720458984,2.1500930786132812
2016-09-30,104.54522705078125,95.48959350585938,121.15049743652344,2.6114134788513184
2016-10-31,85.74778747558594,79.64808654785156,100.30767822265625,1.997644066810608
2016-11-30,82.91875457763672,81.22564697265625,83.97505950927734,1.917850375175476
2016-12-31,102.18046569824219,93.9366226196289,113.97946166992188,2.2972464561462402
2017-01-31,105.20123291015625,108.2770004272461,103.17117309570312,2.5729334354400635
2017-02-28,114.20635986328125,125.66468048095703,97.15160369873047,3.023460626602173
2017-03-31,96.63587951660156,95.83842468261719,95.67454528808594,2.1438183784484863
2017-04-30,119.45992279052734,127.44654846191406,108.06884002685547,3.0787012577056885
2017-05-31,102.57996368408203,102.35460662841797,99.70480346679688,2.518277883529663
2017-06-30,126.78901672363281,113.16846466064453,146.67166137695312,2.858617067337036
2017-07-31,102.81346130371094,125.59920501708984,71.9550552368164,2.6227943897247314
2017-08-31,138.5316162109375,160.02310180664062,108.43595123291016,3.556932210922241
2017-09-30,115.5344467163086,142.1448974609375,84.09626770019531,2.881110429763794
2017-10-31,91.4615707397461,109.23060607910156,69.15699768066406,2.098043918609619
2017-11-30,92.59601593017578,103.94397735595703,80.11587524414062,2.1755597591400146
2017-12-31,82.71825408935547,95.908447265625,62.65747833251953,2.001279354095459
2018-01-31,92.42678833007812,107.64431762695312,75.66629028320312,2.203904628753662
2018-02-28,64.49137115478516,74.68311309814453,52.002201080322266,1.5902538299560547
2018-03-31,111.96229553222656,146.9270782470703,64.55758666992188,2.749058246612549
2018-04-30,123.26347351074219,146.39566040039062,94.30585479736328,3.360255718231201
2018-05-31,125.66661834716797,172.21670532226562,63.21790313720703,3.3196067810058594
2018-06-30,103.96858978271484,137.0244598388672,56.64043426513672,2.622774839401245
2018-07-31,110.02842712402344,129.1023406982422,84.4084701538086,2.685394763946533
2018-08-31,112.74168395996094,145.11407470703125,68.57559204101562,2.8082590103149414
2018-09-30,75.05390930175781,88.62364196777344,51.163917541503906,1.8185635805130005
2018-10-31,92.0164794921875,115.21215057373047,61.150474548339844,2.389190912246704
2018-11-30,80.40758514404297,105.16685485839844,47.40216827392578,1.9454922676086426
2018-12-31,90.607666015625,106.06269836425781,66.24092864990234,2.234217405319214
2019-01-31,87.42410278320312,112.98045349121094,55.7335090637207,2.2481937408447266
2019-02-28,96.80016326904297,127.857421875,57.51169967651367,2.431309700012207
2019-03-31,82.32829284667969,90.78959655761719,66.64120483398438,1.8770334720611572
2019-04-30,79.25344848632812,95.45539855957031,57.51552963256836,1.9384009838104248
2019-05-31,106.4719009399414,134.97251892089844,64.66343688964844,2.7765839099884033
2019-06-30,106.58845520019531,142.6534881591797,53.42063903808594,2.8691000938415527
2019-07-31,93.52125549316406,126.93077850341797,47.41885757446289,2.3758959770202637
2019-08-31,103.4044189453125,124.72541809082031,70.09744262695312,2.747544527053833
2019-09-30,90.36798858642578,110.8709487915039,67.81023406982422,2.3340272903442383
2019-10-31,97.83673095703125,121.31104278564453,69.96658325195312,2.4678382873535156
2019-11-30,73.07838439941406,84.5873031616211,53.03253173828125,1.7385563850402832
2019-12-31,74.27989196777344,80.11077117919922,63.33135223388672,1.7231336832046509
2020-01-31,138.4209442138672,190.8443603515625,81.65093994140625,3.6223251819610596
2020-02-29,75.95555877685547,87.1624526977539,56.68605041503906,1.5158270597457886
2020-03-31,81.54003143310547,97.09007263183594,62.90298843383789,1.7102787494659424
2020-04-30,69.33940124511719,81.76082611083984,47.59123229980469,1.531962275505066
2020-05-31,68.50721740722656,83.35546112060547,42.29555892944336,1.7078226804733276
2020-06-30,71.22785949707031,85.86660766601562,49.760887145996094,1.651901125907898
2020-07-31,66.47328186035156,88.73797607421875,36.25208282470703,1.5392231941223145
2020-08-31,65.46604919433594,90.00911712646484,28.454627990722656,1.455986499786377
2020-09-30,80.37738037109375,101.25764465332031,49.51808166503906,1.6983330249786377
2020-10-31,76.08316802978516,97.65258026123047,42.68144226074219,1.6619564294815063
2020-11-30,70.06746673583984,79.03644561767578,62.31394577026367,1.3123480081558228
2020-12-31,64.06729125976562,86.81527709960938,31.744428634643555,1.4353163242340088
2021-01-31,77.418701171875,98.47562408447266,48.2874870300293,1.9018974304199219
2021-02-28,73.95680236816406,94.48355865478516,46.326778411865234,1.5754880905151367
2021-03-31,78.61876678466797,100.85202026367188,49.41804122924805,1.759825348854065
2021-04-30,88.16622161865234,109.58695983886719,67.87379455566406,1.9786767959594727
2021-05-31,93.00713348388672,120.7828369140625,52.62611389160156,2.0172648429870605
2021-06-30,74.12712097167969,92.54654693603516,46.34864044189453,1.698848843574524
2021-07-31,58.42076873779297,64.03631591796875,50.7158317565918,1.2503361701965332
2021-08-31,89.4865493774414,103.20159149169922,76.48285675048828,2.1482017040252686
2021-09-30,80.69696807861328,92.04731750488281,67.94027709960938,1.9194756746292114
2021-10-31,79.02923583984375,93.80802917480469,61.149112701416016,1.6444863080978394
2021-11-30,86.56914520263672,121.5009536743164,39.74269104003906,1.8621180057525635
2021-12-31,105.34542083740234,155.3102569580078,47.65493392944336,2.478400468826294
2022-01-31,138.67498779296875,199.48751831054688,63.251529693603516,3.3158812522888184
2022-02-28,216.1590118408203,320.6058654785156,105.21830749511719,4.87768030166626
2022-03-31,318.9549255371094,403.713623046875,250.9558563232422,6.899374008178711
2022-04-30,191.14309692382812,221.91055297851562,184.41781616210938,3.965939521789551
2022-05-31,142.25848388671875,166.424560546875,140.13734436035156,3.1463980674743652
2022-06-30,130.7073211669922,160.72695922851562,114.81468963623047,2.878502368927002
2022-07-31,117.17676544189453,141.24293518066406,97.83872985839844,2.5851051807403564
2022-08-31,132.86322021484375,159.38302612304688,111.15857696533203,3.132401704788208
2022-09-30,131.98587036132812,170.31179809570312,108.6280746459961,2.927834987640381
2022-10-31,143.16241455078125,185.2843017578125,112.6750259399414,3.402249336242676
2022-11-30,116.7162857055664,143.0465545654297,98.68260955810547,2.6968469619750977
2022-12-31,111.19593811035156,119.1385269165039,109.772216796875,2.5540883541107178
2023-01-31,104.26704406738281,113.02135467529297,94.62993621826172,2.4071266651153564
2023-02-28,120.99437713623047,147.05015563964844,103.02875518798828,2.9753167629241943
2023-03-31,105.37997436523438,125.08584594726562,86.75404357910156,2.6241302490234375
2023-04-30,106.80965423583984,118.16682434082031,93.2484130859375,2.4448766708374023
2023-05-31,108.46768188476562,122.47150421142578,92.75943756103516,2.508178949356079
2023-06-30,110.52894592285156,129.40652465820312,95.2789077758789,2.4588658809661865
2023-07-31,107.44878387451172,123.80915069580078,91.76800537109375,2.4838550090789795
2023-08-31,101.14118194580078,117.60943603515625,83.60504913330078,2.1599321365356445
2023-09-30,98.63481140136719,125.65179443359375,68.4659194946289,2.2203400135040283
2023-10-31,197.8870086669922,205.04005432128906,221.80393981933594,4.424673080444336
2023-11-30,156.69613647460938,143.49435424804688,189.5543975830078,3.72989559173584
2023-12-31,142.2794647216797,136.1783905029297,173.96380615234375,3.424304723739624
2024-01-31,160.3736572265625,140.83609008789062,208.4711456298828,3.851935386657715
2024-02-29,146.59817504882812,140.2446746826172,171.18118286132812,3.395930051803589
2024-03-31,133.21316528320312,121.53968048095703,151.81399536132812,2.9444308280944824
2024-04-30,163.9473419189453,170.697998046875,165.99069213867188,4.018733024597168
2024-05-31,130.52186584472656,131.44712829589844,133.154296875,3.1074137687683105
2024-06-30,113.0927963256836,125.71302795410156,109.73841094970703,2.6883084774017334
2024-07-31,92.3948745727539,95.1602783203125,95.11029815673828,2.0938539505004883
2024-08-31,140.97506713867188,124.80498504638672,165.17947387695312,3.2092669010162354
2024-09-30,130.35877990722656,134.03704833984375,135.5546112060547,2.9731311798095703
2024-10-31,130.689208984375,128.40969848632812,142.81838989257812,3.0295536518096924
2024-11-30,128.90164184570312,139.14866638183594,127.42887115478516,3.167306900024414
2024-12-31,142.36643981933594,128.26246643066406,164.81373596191406,3.2895195484161377
2025-01-31,113.233154296875,117.08644104003906,109.50493621826172,2.745809316635132
2025-02-28,136.9805908203125,138.7676544189453,140.7871551513672,3.5360679626464844
2025-03-31,175.901123046875,195.67752075195312,159.82244873046875,4.505305767059326
2025-04-30,141.1845245361328,159.26712036132812,132.4676055908203,3.5187768936157227
2025-05-31,167.42288208007812,206.15826416015625,149.22117614746094,4.143743515014648
2025-06-30,222.58563232421875,288.1604919433594,183.72996520996094,5.662957668304443
2025-07-31,134.64071655273438,156.7975311279297,119.74867248535156,3.1812145709991455
2025-08-31,138.98846435546875,160.41519165039062,121.7310562133789,3.4015345573425293
2025-09-30,125.86952209472656,141.8061065673828,114.78914642333984,3.109079122543335
2025-10-31,153.4799346923828,166.6230010986328,151.14178466796875,3.7277958393096924
2025-11-30,103.939208984375,118.0085678100586,88.70289611816406,2.646134614944458
2025-12-31,132.48622131347656,146.3589324951172,123.53462219238281,3.245901584625244
2026-01-31,168.62986755371094,220.17141723632812,100.22209930419922,4.566380500793457
2026-02-28,119.86540985107422,156.00601196289062,81.2406234741211,3.0740814208984375
2026-03-31,330.17681884765625,319.2039794921875,450.3603515625,8.682634353637695
2026-04-30,250.28366088867188,268.60107421875,305.9411926269531,6.652214527130127
2026-05-31,203.5819854736328,233.49290466308594,215.2461395263672,5.3040666580200195
2026-06-30,179.9416961669922,214.94244384765625,184.83316040039062,4.604729652404785
2026-07-31,167.53224182128906,190.89479064941406,180.69992065429688,4.2232184410095215
2026-08-31,117.9188461303711,130.72189331054688,120.34859466552734,3.0992181301116943
