month,EURUSD,USDJPY,USDCHF,GBPUSD,USDDKK,EUR3M,JPY3M,CHF3M,GBP3M,DKK3M,EUR12M,JPY12M,CHF12M,DKK12M,EUBS3,EUBS5,JYBS3,JYBS5,SFBS3,SFBS5,BPBS3,BPBS5,DKBS3,DKBS5,USSO3,EUSWEC,JYSO3S,NDDUWI,LGTRTRUU,GPR,GPRT,GPRA,TPU,VIXCLS,DTWEXBGS,vwretd,sprtrn,bond_ret,us_rf,ALL_eksp_total,ALL_afd_total,ALL_afd_dkk,ALL_afd_eur,ALL_afd_usd,ALL_afd_ovr,ALL_uafd_total,EUR_eksp_total,EUR_afd_total,EUR_afd_dkk,EUR_afd_eur,EUR_afd_usd,EUR_afd_ovr,EUR_uafd_total,USD_eksp_total,USD_afd_total,USD_afd_dkk,USD_afd_eur,USD_afd_usd,USD_afd_ovr,USD_uafd_total,USD_hedge_ratio,EUR_hedge_ratio,ALL_hedge_ratio
2010-01-31,1.3863,90.27,1.0606,1.5986,5.3707,-3.28,-3.65,-5.67,-10.4,65.26,-34.0,-37.02,-35.2,323.0,,,,,,,,,,,,0.3655,0.53,2680.472,190.9851,91.58102416992188,84.97299194335938,100.41094207763672,24.49080819667049,20.643157894736845,92.4403,-0.037172,-0.036974,0.021467194738961,0.076048796464178,,,,,,,,,,,,,,,,,,,,,,,,
2010-02-28,1.3631,88.97,1.0735,1.5238,5.4608,-1.81,-4.33,-6.63,-9.06,66.69,-13.2,-35.0,-38.6,253.0,,,,,,,,,,,,0.3655,0.53,2718.258,191.4753,80.72535705566406,78.84627532958984,80.71173858642578,18.8473365737526,22.54,93.88668,0.034744,0.028514,0.0035995814558249,0.11661398628615,,,,,,,,,,,,,,,,,,,,,,,,
2010-03-31,1.351,93.47,1.0539,1.5184,5.5107,0.61,-4.94,-8.03,-8.25,39.08,1.13,-43.75,-42.55,141.35,,,,,,,,,,,,0.372,0.53,2886.601,188.5217,74.116943359375,73.49691009521484,70.03934478759766,28.5566728438193,17.767391304347825,93.14987826086956,0.063668,0.058796,-0.0089978721175169,0.15211249009029,,,,,,,,,,,,,,,,,,,,,,,,
2010-04-30,1.3294,93.85,1.0776,1.5274,5.5982,2.95,-8.93,-12.79,-5.7,26.38,9.91,-60.65,-57.6,79.76,,,,,,,,,,,,0.438,0.53,2887.006,188.0702,88.76158142089844,92.05691528320312,81.26840209960938,25.48772813089994,17.424285714285716,92.63908636363637,0.020036,0.014759,0.013882914390532,0.15718323399662,,,,,,,,,,,,,,,,,,,,,,,,
2010-05-31,1.2306,91.27,1.1549,1.4538,6.0454,12.96,-13.76,-29.45,3.25,-59.13,50.7,-82.55,-149.86,-217.0,,,,,,,,,,,,0.397,0.54,2610.465,185.9364,88.95870971679688,87.49411010742188,85.85739135742188,21.41069328427972,31.9295,95.53064,-0.07924,-0.081976,0.022459697892717,0.15718323399662,,,,,,,,,,,,,,,,,,,,,,,,
2010-06-30,1.2238,88.43,1.0774,1.4945,6.0871,6.38,-14.01,-19.33,-0.65,-22.5,24.55,-70.25,-96.4,-91.0,,,,,,,,,,,,0.492,0.5,2520.962,189.2026,96.45369720458984,110.69171905517578,70.9886245727539,27.38276752652706,29.916363636363634,96.06062727272727,-0.05078,-0.053882,0.026147357134528,0.17239856262214,,,,,,,,,,,,,,,,,,,,,,,,
2010-07-31,1.3052,86.47,1.0412,1.5689,5.7096,-2.78,-7.38,-10.4,-6.72,1.87,-22.46,-41.5,-40.07,89.0,,,,,,,,,,,,0.5465,0.47,2725.344,196.1274,79.38137817382812,75.18537902832031,84.04823303222656,28.69440459110473,25.565238095238094,94.45469047619048,0.07036,0.068778,0.010114532837388,0.14196929051977,,,,,,,,,,,,,,,,,,,,,,,,
2010-08-31,1.268,84.2,1.0151,1.5348,5.8712,-1.99,-8.59,-8.59,-9.25,0.75,-8.55,-47.65,-43.5,34.0,,,,,,,,,,,,0.492,0.43,2623.593,199.9613,80.99386596679688,71.95153045654297,85.98257446289062,29.78941961992809,24.74590909090909,93.68223181818183,-0.042863,-0.047449,0.026135577738064,0.11661342738045,,,,,,,,,,,,,,,,,,,,,,,,
2010-09-30,1.3634,83.53,0.9825,1.5716,5.4659,-9.95,-9.0,-9.0,-10.05,19.9,-49.68,-47.2,-39.26,180.0,,,,,,,,,,,,0.706,0.4,2868.232,204.9613,71.16854858398438,68.94754028320312,69.29395294189453,31.49555165919865,22.517619047619046,92.76259523809524,0.091628,0.087551,0.0027840066641822,0.15718357248742,,,,,,,,,,,,,,,,,,,,,,,,
2010-10-31,1.3947,80.4,0.9824,1.6038,5.3468,-17.2,-7.35,-6.83,-12.3,48.5,-88.6,-40.5,-28.08,347.0,,,,,,,,,,,,0.821,0.39,2975.147,207.8658,65.99193572998047,62.0961799621582,76.16891479492188,31.01298860810022,20.37333333333333,90.22912,0.038591,0.036856,0.0037771190541471,0.11661398628615,,,,,,,,,,,,,,,,,,,,,,,,
2010-11-30,1.2983,83.69,1.0034,1.5562,5.7411,-5.09,-11.06,-16.45,-8.91,-3.5,-11.9,-68.28,-80.91,63.3,,,,,,,,,,,,0.702,0.44,2910.915,198.1867,94.70516967773438,98.68914794921876,83.2665023803711,30.49285737960293,20.095714285714287,90.509535,0.005117,-0.00229,-0.0098982141655829,0.16732733083799,,,,,,,,,,,,,,,,,,,,,,,,
2010-12-31,1.3384,81.12,0.9352,1.5612,5.5684,-4.03,-7.97,-10.23,-11.08,19.48,-22.85,-47.93,-50.75,107.0,,,,,,,,,,,,0.6005,0.43,3124.941,201.7201,97.20389556884766,100.3976821899414,91.7621078491211,32.20994100495016,17.56954545454545,91.18347142857144,0.067182,0.0653,-0.028731062609043,0.12168492031746,,,,,,,,,,,,,,,,,,,,,,,,
2011-01-31,1.3694,82.04,0.944,1.6014,5.4434,-15.27,-6.08,-8.15,-11.7,48.02,-90.61,-44.5,-38.4,362.25,,,,,,,,,,,,0.871,0.48,3195.54,201.6531,79.42161560058594,76.59356689453125,78.8069839477539,30.23888720895071,17.3155,90.11122,0.019183,0.022646,0.0034698219759662,0.14196846213048,,,,,,,,,,,,,,,,,,,,,,,,
2011-02-28,1.3806,81.78,0.9289,1.6257,5.4011,-16.81,-5.6,-7.88,-16.25,47.6,-108.88,-39.5,-26.89,408.0,,,,,,,,,,,,0.848,0.51,3307.424,202.4045,90.01448822021484,90.18933868408205,85.48683166503906,24.95229707911346,17.43,89.3966894736842,0.038156,0.031957,-0.0040327176239346,0.13689733259187,,,,,,,,,,,,,,,,,,,,,,,,
2011-03-31,1.4158,83.13,0.919,1.6028,5.2663,-26.08,-5.03,-5.84,-20.7,89.53,-140.42,-41.4,-23.0,523.9,,,,,,,,,,,,1.024,0.45,3274.807,203.1104,136.8883056640625,126.96572875976562,157.47984313964844,29.94775073276411,20.72347826086957,88.48722608695653,0.003341,-0.001047,-0.0019341895198407,0.093795688277553,,,,,,,,,,,,,,,,,,,,,,,,
2011-04-30,1.4807,81.19,0.8653,1.6707,5.0371,-38.5,-4.03,-4.25,-20.42,106.89,-186.3,-33.0,-5.51,610.05,,,,,,,,,,,,1.223,0.4,3413.929,209.8926,91.01776885986328,72.92317962646484,111.94474029541016,31.69410080768838,16.244,86.92136666666667,0.028597,0.028495,0.017698593850664,0.040557583468585,,,,,,,,,,,,,,,,,,,,,,,,
2011-05-31,1.4396,81.52,0.854,1.6448,5.1785,-33.98,-3.25,-5.2,-19.12,100.01,-159.46,-30.51,-23.0,544.33,-22.25,-17.5,-41.5,-48.75,-25.75,-30.0,3.25,3.8,-41.5,-35.5,0.845,1.154,0.42,3343.106,209.5041,105.34491729736328,95.5066375732422,123.82610321044922,20.82213863514239,16.91142857142857,86.94640476190476,-0.014948,-0.013501,0.021184942083396,0.050697718742642,,,,,,,,,,,,,,,,,,,,,,,,
2011-06-30,1.4502,80.56,0.8404,1.6053,5.1433,-37.84,-4.31,-5.42,-18.0,114.87,-161.28,-37.0,-31.5,535.0,-23.0,-20.0,-42.0,-47.8,-22.5,-26.8,2.75,3.75,-44.0,-38.0,0.881,1.345,0.43,3290.219,209.9323,84.391845703125,71.39112854003906,98.27275848388672,29.77398836107728,19.153181818181817,86.94125454545454,-0.018447,-0.018258,-0.0023071879212543,0.015208621665276,,,,,,,,,,,,,,,,,,,,,,,,
2011-07-31,1.4398,76.76,0.7855,1.6426,5.1741,-32.38,-7.86,-10.36,-16.11,112.53,-126.37,-42.15,-41.22,395.5,-29.25,-24.0,-47.5,-52.0,-23.3,-27.5,0.75,1.25,-50.0,-41.0,0.514,1.248,0.39,3230.56,214.9518,78.92475891113281,59.01904678344727,102.11175537109376,30.57254030016676,19.2275,86.31780499999999,-0.022534,-0.021474,0.027282642618707,0.093795567752707,,,,,,,,,,,,,,,,,,,,,,,,
2011-08-31,1.4369,76.66,0.806,1.625,5.1842,-15.15,-6.54,-22.98,-16.73,46.19,-60.13,-44.05,-87.65,168.92,-33.75,-26.75,-56.0,-61.375,-40.0,-39.0,-1.5,-1.5,-53.3,-43.5,0.275,0.901,0.35,3002.944,219.2547,86.95156860351562,63.504676818847656,112.49906158447266,30.83100308310031,35.02913043478261,86.89824347826087,-0.057564,-0.056791,0.033842871103282,0.01013901844355,,,,,,,,,,,,,,,,,,,,,,,,
2011-09-30,1.3387,77.06,0.9082,1.5584,5.5585,-4.22,-10.72,-17.46,-13.56,-7.57,-3.25,-53.5,-86.31,-116.0,-52.0,-39.25,-60.5,-66.0,-38.0,-38.0,-8.0,-7.425,-67.0,-52.5,0.313,0.742,0.38,2743.578,214.4509,83.35044860839844,70.606689453125,95.26744079589844,21.23505839641059,36.53,89.72526666666667,-0.084983,-0.071762,0.010749765123165,0.02027828473916,,,,,,,,,,,,,,,,,,,,,,,,
2011-10-31,1.3858,78.17,0.877,1.6087,5.3695,-7.77,-13.88,-15.59,-15.57,39.45,-10.24,-61.82,-84.24,17.5,-47.5,-38.125,-67.0,-72.0,-48.0,-49.0,-4.0,-5.8,-65.0,-55.0,0.274,0.778,0.37,3027.365,215.8691,76.33993530273438,64.18510437011719,92.34331512451172,36.76591274661064,32.829047619047614,90.609845,0.114146,0.107723,-0.0045809608570496,0.0025347298792362,,,,,,,,,,,,,,,,,,,,,,,,
2011-11-30,1.3446,77.62,0.9132,1.5704,5.5305,10.6,-14.44,-22.07,-12.99,-75.0,42.23,-68.7,-98.96,-322.66,-65.75,-55.75,-81.0,-85.25,-60.0,-64.0,-12.0,-18.5,-78.0,-69.0,0.29,0.4895,0.42,2953.45,212.7281,83.15767669677734,95.57453155517578,70.11003875732422,36.3832367605444,31.94190476190476,91.26488,-0.00627,-0.005059,0.0046219802542918,0.0,,,,,,,,,,,,,,,,,,,,,,,,
2011-12-31,1.2961,76.91,0.9381,1.5543,5.734,11.18,-13.22,-18.52,-13.6,-64.89,76.37,-70.5,-99.16,-438.5,-78.5,-66.75,-85.75,-94.125,-49.5,-55.0,-4.75,-9.0,-79.0,-70.0,0.309,0.391,0.39,2951.809,214.4933,85.34132385253906,88.89408111572266,77.47647857666016,30.96628897177845,25.047619047619047,92.20559047619048,0.003676,0.008533,0.012192556097718,0.010139015627076,,,,,,,,,,,,,,,,,,,,,,,,
2012-01-31,1.3084,76.27,0.9202,1.576,5.6818,4.41,-8.56,-14.29,-11.77,-45.32,33.32,-47.75,-71.63,-229.0,-54.5,-47.75,-65.0,-78.0,-41.8,-50.5,-3.0,-2.25,-64.4,-57.0,0.211,0.361,0.37,3099.94,217.8945,79.63497161865234,93.6095962524414,62.06843185424805,29.71968929415738,20.228,91.646265,0.054106,0.043583,0.0094499500901678,0.055767850823821,,,,,,,,,,,,,,,,,,,,,,,,
2012-02-29,1.3325,81.15,0.9044,1.5917,5.5798,6.16,-6.98,-10.19,-11.24,-37.48,35.05,-46.4,-64.61,-208.6,-45.75,-37.0,-59.0,-72.0,-37.5,-41.0,-6.0,-2.0,-60.0,-49.5,0.326,0.3465,0.36,3251.368,215.7969,92.4458236694336,104.2074966430664,78.59986114501953,23.25581395348837,18.4205,89.9605,0.041225,0.04059,-0.0071999493966117,0.076048954924438,,,,,,,,,,,,,,,,,,,,,,,,
2012-03-31,1.3343,82.87,0.9025,1.6008,5.5765,6.62,-6.96,-10.13,-9.79,-40.99,32.1,-44.1,-52.37,-179.5,-42.5,-37.0,-55.25,-67.0,-34.0,-38.0,-7.25,-1.25,-60.0,-50.0,0.394,0.3605,0.39,3293.169,213.4598,88.75997924804688,87.85648345947266,85.85698699951172,27.7136258660508,16.167272727272728,90.51121363636364,0.02402,0.031332,-0.011563081969806,0.070978433016258,,,,,,,,,,,,,,,,,,,,,,,,
2012-04-30,1.3239,79.82,0.9075,1.6234,5.6194,7.14,-7.17,-10.94,-8.93,-42.0,54.76,-48.55,-61.5,-273.5,-49.75,-42.0,-59.52,-73.5,-38.5,-44.25,-9.25,-2.5,-67.0,-57.0,0.294,0.3125,0.35,3255.772,216.7447,96.01668548583984,101.92078399658205,86.38436889648438,21.94586686174104,17.823,90.81560952380951,-0.006829,-0.007497,0.019334933938657,0.091259924876627,,,,,,,,,,,,,,,,,,,,,,,,
2012-05-31,1.2365,78.32,0.9713,1.5405,6.0096,9.84,-8.41,-18.71,-6.57,-108.5,81.83,-58.8,-112.71,-590.0,-68.0,-62.0,-74.25,-90.75,-55.0,-61.0,-16.8,-15.3,-89.5,-75.0,0.251,0.272,0.35,2974.721,215.3898,78.17115783691406,80.6348876953125,69.74354553222656,28.60195044625934,21.001818181818184,92.49278636363636,-0.06559,-0.062651,0.019216521304086,0.06590819246712,,,,,,,,,,,,,,,,,,,,,,,,
2012-06-30,1.2667,79.79,0.9485,1.5707,5.8691,11.44,-10.06,-22.63,-3.81,-146.62,60.17,-51.25,-102.04,-562.25,-51.25,-49.15,-64.3,-80.75,-54.0,-55.0,-8.75,-7.3,-75.5,-68.5,0.29,0.239,0.34,3126.299,215.6597,77.82243347167969,70.23216247558594,82.17473602294922,20.71747900992258,21.13095238095238,93.88086666666666,0.038151,0.039555,-0.0040875248556661,0.083654460496107,,,,,,,,,,,,,,,,,,,,,,,,
2012-07-31,1.2304,78.12,0.9764,1.5678,6.0484,14.44,-8.2,-24.95,-0.24,-139.5,64.51,-42.65,-114.15,-551.75,-46.25,-43.25,-59.5,-75.375,-58.5,-55.5,-11.75,-11.3,-67.0,-62.0,0.2,0.056,0.3,3166.489,218.0315,82.80802154541016,79.33626556396484,91.00080108642578,29.37078736303047,17.565238095238094,93.40616666666668,0.010307,0.012598,0.0108926353889,0.098866618204116,,,,,,,,,,,,,,,,,,,,,,,,
2012-08-31,1.2579,78.39,0.9549,1.5866,5.9237,13.59,-6.24,-16.77,-4.11,-131.26,61.07,-38.5,-91.58,-511.5,-44.3,-43.5,-57.5,-74.5,-57.0,-56.0,-11.75,-12.5,-64.0,-58.0,0.197,0.0685,0.31,3246.765,219.558,74.87835693359375,70.9891586303711,78.11161804199219,20.96940529391543,15.689565217391303,92.5282652173913,0.026317,0.019763,-0.0001416725040363,0.086189713536961,,,,,,,,,,,,,,,,,,,,,,,,
2012-09-30,1.286,77.96,0.9398,1.6167,5.797,13.11,-7.7,-15.88,-4.0,-120.0,51.56,-37.32,-67.11,-385.0,-30.75,-30.0,-50.75,-60.75,-43.0,-49.5,-5.8,-7.5,-52.0,-36.0,0.208,0.0855,0.28,3335.965,222.3805,69.28050994873047,68.40282440185547,65.87126159667969,22.71006813020439,15.284736842105264,90.9802,0.026513,0.024236,-0.0012573858904652,0.091260267165117,,,,,,,,,,,,,,,,,,,,,,,,
2012-10-31,1.296,79.77,0.9315,1.6129,5.7558,12.15,-7.66,-14.1,-4.86,-102.0,46.35,-35.8,-66.46,-327.5,-28.5,-25.75,-53.0096,-68.0,-46.75,-51.0,-7.25,-9.0,-54.0,-48.0,0.259,0.0885,0.26,3313.422,220.9621,81.66366577148438,74.20600891113281,88.03089904785156,27.77777777777778,16.276190476190475,90.75663,-0.014055,-0.019789,-0.0037042485468041,0.11154345656493,,,,,,,,,,,,,,,,,,,,,,,,
2012-11-30,1.2986,82.48,0.9281,1.6013,5.7442,11.95,-7.21,-12.41,-4.08,-103.08,53.22,-35.9,-62.73,-367.15,-33.5,-33.75,-50.0,-64.9992,-46.25,-52.5,-9.0,-11.0,-59.0,-54.5,0.211,0.064,0.24,3355.85,220.5164,81.38964080810547,75.65846252441406,89.04841613769531,27.58863583000704,16.701904761904764,91.47508,0.006217,0.002847,0.0080044465509551,0.076048796464178,,,,,,,,,,,,,,,,,,,,,,,,
2012-12-31,1.3193,86.75,0.9154,1.6255,5.6553,10.7,-6.41,-14.87,-4.8,-82.46,51.03,-32.4,-68.81,-336.18,-30.0,-30.5,-42.25,-58.0,-49.0,-55.5,-8.5,-10.25,-58.5,-56.5,0.254,0.067,0.22,3418.961,218.4275,74.83155822753906,66.24052429199219,82.9786148071289,25.8848686061561,17.307,90.88039,0.012569,0.007068,-0.0059334025392939,0.045627481039262,,,,,,,,,,,,,,,,,,,,,,,,
2013-01-31,1.3579,91.71,0.91,1.5857,5.4944,6.4,-6.05,-9.36,-7.69,-46.0,17.35,-38.15,-44.55,-126.99,-21.3,-19.75,-42.375,-54.75,-32.5,-42.75,-5.75,-7.0,-40.0,-37.0,0.337,0.1395,0.21,3593.121,215.2758,90.6574935913086,84.139892578125,108.9493179321289,22.87262391188488,13.505238095238097,90.82551428571428,0.054142,0.050428,-0.0099679837681671,0.073513680851682,,,,,,,,,,,,,,,,,,,,,,,,
2013-02-28,1.3057,92.56,0.9367,1.5163,5.7114,9.27,-6.17,-10.05,-6.96,-68.5,43.6,-37.95,-51.63,-274.2,-23.5,-22.0,-44.0,-54.5,-33.0,-41.0,-8.0,-10.5,-43.5,-38.5,0.268,0.0765,0.22,3599.054,212.6893,81.59033203125,77.60531616210938,85.65817260742188,28.59686002689241,14.072631578947368,91.55087368421052,0.008282,0.011061,0.0099521893454786,0.10647246374166,,,,,,,,,,,,,,,,,,,,,,,,
2013-03-31,1.2819,94.22,0.9492,1.5198,5.8162,8.52,-5.87,-11.25,-6.97,-76.0,44.78,-39.5,-63.75,-317.28,-30.5,-28.3,-44.0,-56.25,-39.5,-47.5,-12.5,-16.4,-52.0,-46.0,0.285,0.082,0.23,3683.356,212.0129,75.89672088623047,81.89175415039062,69.39681243896484,31.86307979425554,13.0315,92.41318,0.035295,0.035988,0.0030353027964894,0.076048875694109,,,,,,,,,,,,,,,,,,,,,,,,
2013-04-30,1.3168,97.45,0.9293,1.5532,5.6622,8.47,-5.06,-9.33,-8.33,-55.46,40.43,-31.3,-47.5,-268.14,-26.75,-25.25,-44.3,-63.5,-33.0,-41.25,-9.75,-13.3,-44.5,-40.5,0.239,0.071,0.3,3799.348,214.1983,95.10787200927734,99.5219497680664,87.4727554321289,11.2991236289478,13.967272727272729,92.04782272727272,0.014939,0.018086,0.0097557926080558,0.053232776595962,,,,,,,,,,,,,,,,,,,,,,,,
2013-05-31,1.2999,100.45,0.9551,1.5198,5.7352,7.22,-4.51,-9.02,-9.01,-58.62,39.5,-33.55,-46.82,-274.0,-25.0,-24.0,-42.4997,-61.5,-31.0,-40.3,-7.25,-10.5,-41.0,-37.0,0.417,0.069,0.34,3800.783,206.6856,83.71731567382812,75.3292236328125,98.22759246826172,33.6477185827173,13.493636363636364,92.5289681818182,0.019128,0.020763,-0.022689375185028,0.035487663718962,,,,,,,,,,,,,,,,,,,,,,,,
2013-06-30,1.301,99.14,0.945,1.5213,5.7331,5.3,-4.38,-7.85,-9.15,-56.43,28.25,-38.95,-47.0,-212.5,-25.75,-24.75,-52.5,-69.75,-33.5,-44.0,-6.5,-9.25,-42.0,-39.0,0.558,0.11,0.33,3707.13,205.3709,82.97300720214844,78.82188415527344,86.63420104980469,26.86384551958933,17.2715,93.283615,-0.015072,-0.014999,-0.022076420884201,0.035487663718962,,,,,,,,,,,,,,,,,,,,,,,,
2013-07-31,1.3302,97.88,0.9262,1.5207,5.6047,4.51,-5.01,-7.72,-8.95,-56.68,26.17,-35.7,-43.47,-213.5,-25.75,-26.0,-49.8,-66.5,-33.0,-44.8,-7.5,-9.8,-41.0,-38.0,0.519,0.1065,0.31,3902.295,208.1171,73.97581481933594,71.55718994140625,72.67587280273438,24.47206335239771,13.974545454545456,93.87238636363637,0.052658,0.049462,0.0001697761526974,0.035487698223465,,,,,,,,,,,,,,,,,,,,,,,,
2013-08-31,1.3222,98.17,0.9298,1.5504,5.6417,4.47,-4.5,-6.83,-10.35,-50.5,20.37,-34.06,-39.49,-188.0,-24.75,-26.25,-48.125,-65.8,-33.3,-46.3,-7.25,-9.5,-43.0,-40.0,0.707,0.098,0.3,3819.235,207.3334,90.95674896240234,80.73957824707031,106.97908782958984,20.34908715714655,14.21,93.71488636363635,-0.02575,-0.031298,-0.012620245076671,0.022813148755017,,,,,,,,,,,,,,,,,,,,,,,,
2013-09-30,1.3527,98.27,0.9049,1.6186,5.5138,3.2,-6.7,-7.35,-10.65,-49.53,17.5,-34.31,-36.74,-164.0,-19.5,-20.25,-44.0,-61.3,-27.25,-39.25,-6.0,-8.5,-40.0,-37.5,0.512,0.105,0.28,4010.245,211.622,100.4593276977539,100.3842315673828,100.16348266601562,25.62994071146245,14.692000000000002,93.470565,0.037497,0.02975,0.017624560828969,0.015208608991027,,,,,,,,,,,,,,,,,,,,,,,,
2013-10-31,1.3584,98.36,0.9069,1.604,5.4908,1.85,-6.0,-7.01,-11.22,-39.86,11.85,-30.8,-35.7,-119.48,-11.25,-11.5,-40.7,-56.8,-23.25,-31.8,-1.75,-2.75,-31.5,-28.5,0.458,0.114,0.24,4167.22,213.5865,72.95311737060547,65.50166320800781,78.73002624511719,33.37041156840935,15.407826086956522,92.49926818181818,0.039889,0.044596,0.0060264948638821,0.035487680971203,,,,,,,,,,,,,,,,,,,,,,,,
2013-11-30,1.3591,102.44,0.9062,1.6368,5.4888,1.29,-6.02,-7.37,-11.24,-50.05,11.3,-29.0,-36.86,-167.99,-13.3,-15.0,-38.5,-56.0,-23.5,-33.25,-2.0,-3.3,-34.5,-31.5,0.429,0.1255,0.22,4241.278,211.0397,77.77902221679688,92.4988784790039,52.43838119506836,26.02608591599856,12.924,93.37366842105264,0.024956,0.02805,-0.0042306818137118,0.060837896289624,,,,,,,,,,,,,,,,,,,,,,,,
2013-12-31,1.3743,105.31,0.8929,1.6557,5.4283,-0.27,-4.93,-6.66,-10.73,-37.62,9.05,-31.98,-34.9,-143.0,-9.5,-10.5,-33.875,-52.25,-19.75,-28.0,0.0,-0.25,-30.0,-28.0,0.637,0.158,0.25,4331.022,209.0349,70.37248992919922,70.09461212158203,66.79072570800781,21.48227712137486,14.192380952380953,93.53402,0.02614,0.023563,-0.017643905463674,0.068443467588267,,,,,,,,,,,,,,,,,,,,,,,,
2014-01-31,1.3486,102.04,0.9065,1.6439,5.5325,0.59,-5.03,-7.15,-11.3,-44.39,11.95,-32.0,-39.72,-154.0,-7.5,-8.0,-36.5,-51.8,-18.5,-25.5,-2.25,-4.3,-25.5,-22.5,0.575,0.1355,0.23,4170.608,211.8451,77.91596984863281,70.48076629638672,83.1458969116211,23.00868880748388,14.24095238095238,94.46474761904764,-0.03002,-0.035583,0.022225871464888,0.015208618496634,,,,,,,,,,,,,,,,,,,,,,,,
2014-02-28,1.3802,101.8,0.8803,1.6745,5.407,-0.04,-4.88,-6.63,-11.39,-42.25,5.77,-28.05,-34.02,-127.0,-6.5,-7.0,-33.0,-47.8,-18.25,-25.0,-2.0,-4.38,-27.0,-23.0,0.587,0.1384,0.21,4379.393,214.8115,69.00352478027344,73.27865600585938,59.08655548095703,26.79938744257274,15.47,94.64558235294118,0.046198,0.043117,0.0029270989264795,0.050697613111309,,,,,,,,,,,,,,,,,,,,,,,,
2014-03-31,1.3769,103.23,0.8846,1.6662,5.4224,-1.69,-4.92,-6.47,-11.39,-31.73,1.37,-27.9,-33.75,-114.4,-5.0,-5.3,-30.5,-44.25,-14.4,-20.75,-0.5,-1.8,-25.5,-22.5,0.791,0.1633,0.21,4385.731,214.5366,119.83855438232422,151.67477416992188,74.0618896484375,27.13312550513797,14.836666666666666,94.44082105263158,0.00454,0.006932,-0.0073999280308663,0.030417769324106,,,,,,,,,,,,,,,,,,,,,,,,
2014-04-30,1.3867,102.24,0.8804,1.6873,5.3827,-2.55,-5.7,-6.52,-12.28,-22.5,-1.29,-29.6,-33.54,-82.0,-2.0,-1.875,-30.25,-43.0,-12.25,-17.75,1.5,2.1,-20.0,-18.0,0.791,0.169,0.22,4430.671,217.0074,93.22154235839844,113.13993072509766,60.90629959106445,24.47366869139588,14.19809523809524,93.99555,0.001573,0.006201,0.0067672643133357,0.030417832698473,,,,,,,,,,,,,,,,,,,,,,,,
2014-05-31,1.3635,101.77,0.8952,1.6755,5.4742,0.11,-5.99,-8.65,-11.88,-36.02,12.83,-31.75,-44.27,-150.0,-5.25,-4.3,-31.75,-44.75,-18.75,-23.0,0.6,0.3,-29.0,-24.5,0.737,0.107,0.21,4517.844,217.9691,83.4288558959961,91.6987533569336,76.15043640136719,16.78380362949753,12.475238095238096,93.67002857142856,0.020254,0.02103,0.013078814841984,0.03041780734872,,,,,,,,,,,,,,,,,,,,,,,,
2014-06-30,1.3692,101.33,0.8868,1.7106,5.4451,4.7,-6.58,-6.92,-12.98,-28.38,26.16,-35.35,-36.61,-158.0,-7.3,-7.0,-30.75,-41.75,-15.25,-20.5,0.75,0.5,-34.0,-30.5,0.837,0.056,0.18,4598.664,219.7937,98.76710510253906,95.32296752929688,107.18201446533205,27.61402420105491,11.541428571428572,93.82740476190476,0.027973,0.019058,-0.0018261678972212,0.022813120237331,,,,,,,,,,,,,,,,,,,,,,,,
2014-07-31,1.339,102.8,0.9088,1.6886,5.5682,4.31,-6.2,-6.13,-13.2,-32.5,29.72,-41.9,-38.86,-179.5,-8.0,-6.75,-30.5,-39.0,-10.5,-14.5,0.0,-2.25,-34.5,-31.5,1.0065,0.067,0.19,4525.272,217.6719,138.7539520263672,162.71510314941406,118.54683685302734,20.20860495436767,12.296363636363637,93.6038590909091,-0.020555,-0.01508,-0.0031750280369212,0.022813148755017,,,,,,,,,,,,,,,,,,,,,,,,
2014-08-31,1.3132,104.09,0.9182,1.6598,5.6724,8.11,-6.82,-9.03,-12.75,-35.55,46.71,-44.3,-55.87,-239.0,-13.25,-10.75,-35.75,-47.5,-21.25,-24.25,-0.25,-2.25,-36.5,-33.5,0.964,0.0045,0.19,4624.988,218.6058,136.44558715820312,158.59349060058594,112.11448669433594,22.24514797859307,13.49190476190476,94.58080952380952,0.040205,0.037655,0.013104443470597,0.025348023157786,,,,,,,,,,,,,,,,,,,,,,,,
2014-09-30,1.2631,109.65,0.9551,1.6213,5.8932,8.34,-11.42,-9.53,-13.07,-33.8,54.43,-55.25,-54.87,-279.0,-14.75,-13.5,-38.5,-48.75,-18.5,-21.8,-1.25,-2.75,-38.5,-35.5,1.099,-0.0365,0.18,4499.461,211.154,131.55665588378906,143.3953857421875,120.78192138671876,19.87130961392884,13.466666666666669,96.12086666666669,-0.025196,-0.015514,-0.0067261913810165,0.010139011402471,,,,,,,,,,,,,,,,,,,,,,,,
2014-10-31,1.2525,112.32,0.9626,1.5995,5.9428,7.8,-12.14,-8.57,-11.92,-39.03,44.56,-58.8,-49.82,-248.0,-14.0,-13.75,-43.5,-51.75,-18.5,-22.0,-0.25,-0.25,-36.5,-34.0,0.9405,-0.01,0.16,4528.568,210.487,83.66100311279297,86.33345031738281,77.19393157958984,21.01514841948571,18.058695652173917,97.43960454545454,0.021164,0.023202,0.011553733120652,0.010139015627076,,,,,,,,,,,,,,,,,,,,,,,,
2014-11-30,1.2452,118.63,0.9653,1.5645,5.9754,8.17,-12.74,-10.41,-10.23,-43.05,51.06,-62.75,-58.75,-264.0,-17.395,-17.5,-48.5,-61.75,-22.5,-27.0,-2.25,-2.25,-38.5,-37.5,0.9,-0.002,0.16,4619.324,208.6842,84.38005065917969,88.46994018554688,76.33753204345703,25.03009948672454,13.41315789473684,99.11468888888888,0.021104,0.024534,0.011870063789653,0.010139015627076,,,,,,,,,,,,,,,,,,,,,,,,
2014-12-31,1.2098,119.78,0.9943,1.5577,6.1556,9.93,-10.35,-17.85,-11.64,-51.5,65.31,-72.13,-97.45,-347.0,-15.7,-15.125,-45.75,-61.0,-33.5,-33.8,-2.0,-3.0,-38.0,-37.5,1.097,-0.026,0.15,4544.837,207.3789,86.5262222290039,81.27322387695312,96.23736572265624,28.69930643342786,16.292272727272728,101.44413333333333,-0.003659,-0.004189,-0.0032224638760361,0.04055762853632,,,,,,,,,,,,,,,,,,,,,,,,
2015-01-31,1.1291,117.49,0.9202,1.506,6.592,9.5,-12.97,-38.39,-9.45,-184.86,64.24,-75.9,-158.75,-715.0,-27.75,-27.5,-52.25,-64.25,-38.0,-37.0,-7.75,-9.75,-51.0,-46.5,0.761,-0.042,0.15,4462.486,207.2904,111.9856948852539,83.50390625,153.33984375,26.61276739093818,19.1195,103.76074,-0.027163,-0.031041,0.033327271278264,0.005069476128703,1733.47,792.54,650.42,133.18,2.42,6.53,940.92,862.72,209.67,205.03,0.0,0.00,4.64,653.04,650.01,495.27,370.46,122.93,0.0,1.89,154.73,0.7619421239673235,0.2430336609792284,0.4571985670360606
2015-02-28,1.1196,119.63,0.9543,1.5438,6.6648,12.85,-14.26,-35.9,-9.75,-212.77,83.49,-87.6,-166.96,-850.0,-31.8,-32.3,-52.5,-63.75,-40.0,-40.3,-6.75,-9.75,-60.5,-56.0,1.019,-0.0688,0.15,4723.937,204.8146,111.92469787597656,118.22520446777344,107.79053497314452,25.19270539575108,15.90421052631579,105.16853888888888,0.055915,0.054893,-0.019574286130337,0.010139015627076,1772.45,817.73,665.5,143.52,5.05,3.66,954.72,860.9,220.48,218.04,0.0,2.00,0.44,640.43,685.25,502.28,372.72,126.34,0.0,3.22,182.97,0.7329879605983217,0.2561040771285863,0.4613557505148241
2015-03-31,1.0731,120.13,0.9727,1.4818,6.9621,13.55,-15.74,-36.67,-9.19,-218.05,80.36,-92.1,-169.0,-864.0,-31.9,-33.0,-56.25,-66.0,-37.8,-40.25,-7.8,-9.5,-65.75,-60.5,0.902,-0.095,0.19,4649.991,202.7175,104.23526763916016,117.48873138427734,83.63285064697266,20.87313380032548,14.812727272727273,107.36473809523812,-0.010397,-0.017396,0.0088212308632762,0.027882934881215,1858.37,858.73,680.16,165.04,10.06,3.48,999.64,910.08,220.72,216.73,0.0,3.53,0.47,689.36,712.35,537.21,386.81,147.39,0.0,3.01,175.13,0.7541377132027796,0.2425281293952179,0.4620877435602168
2015-04-30,1.1224,119.38,0.9324,1.5351,6.6515,13.83,-13.25,-33.18,-9.55,-207.0,82.09,-95.5,-154.6,-793.59,-33.375,-34.4,-58.5,-67.75,-36.5,-36.75,-5.5,-5.75,-61.0,-56.0,0.916,-0.106,0.17,4759.045,204.9885,102.19049072265624,110.18872833251952,95.08645629882812,21.36752136752137,13.494761904761903,106.35228181818182,0.008766,0.008521,-0.0032639200630509,0.0050694764807615,1823.23,889.74,696.26,176.91,10.08,6.5,933.49,904.37,233.84,229.87,0.0,3.45,0.52,670.52,685.98,544.48,383.61,154.89,0.0,5.98,141.5,0.793725764599551,0.2585667370655816,0.488002062274096
2015-05-31,1.0986,124.15,0.9403,1.5291,6.7897,14.29,-14.39,-33.23,-10.07,-180.83,82.65,-99.8,-164.0,-755.0,-30.2,-30.75,-60.0,-71.0,-38.25,-41.0,-1.5,-3.0,-52.5,-49.8,0.953,-0.125,0.16,4775.439,200.0731,76.2623291015625,77.66873168945312,72.86188507080078,43.43984685613312,13.3385,105.40651499999998,0.010278,0.010491,-0.0025008401532536,0.005069476128703,1815.16,879.53,674.88,183.57,14.37,6.72,935.63,867.47,230.28,223.93,0.0,5.34,1.01,637.19,709.27,535.17,373.3,156.16,0.0,5.7,174.1,0.7545363542797524,0.2654616297969958,0.4845468168095374
2015-06-30,1.1147,122.5,0.9355,1.5712,6.6927,14.63,-15.82,-33.43,-10.68,-179.76,87.74,-102.0,-171.69,-788.5,-30.25,-31.0,-60.0,-70.3,-38.75,-43.0,-2.5,-3.3,-54.5,-52.0,1.025,-0.1205,0.18,4664.399,199.6997,85.90596771240234,81.06608581542969,88.7894287109375,44.50311144635112,14.339545454545457,106.17898636363635,-0.019231,-0.021012,-0.010187053027387,0.022813163013967,1751.47,882.59,661.07,190.04,22.62,8.87,868.87,811.48,237.06,218.44,0.0,16.04,2.58,574.42,698.47,536.04,365.35,164.4,0.0,6.28,162.43,0.767448852491875,0.2921328929856558,0.5039138552187591
2015-07-31,1.0984,123.89,0.9663,1.5622,6.7937,14.68,-15.89,-31.1,-9.48,-145.61,88.63,-105.96,-158.27,-713.0,-27.9,-29.3,-60.5,-72.0,-34.0,-40.75,-2.45,-3.75,-50.0,-48.0,0.989,-0.122,0.16,4748.125,200.1591,106.80866241455078,120.8429718017578,86.16881561279297,26.47870515402402,14.352727272727272,108.1235681818182,0.012108,0.019742,0.011516515517133,0.06337300670065,1745.02,847.41,634.89,191.68,11.59,9.25,897.61,824.22,208.18,201.97,0.0,3.66,2.54,616.05,678.32,531.06,357.6,166.75,0.0,6.7,147.27,0.7829048236820378,0.2525781951420737,0.4856162107024561
2015-08-31,1.1211,121.23,0.9673,1.5345,6.6578,16.55,-16.33,-30.88,-7.58,-140.54,91.79,-105.68,-153.11,-679.0,-28.75,-30.625,-62.0,-72.5,-34.0,-44.75,-2.25,-2.5,-53.5,-53.5,0.978,-0.132,0.14,4433.92,200.9395,82.47853088378906,85.33859252929688,74.0282974243164,35.42234332425068,19.42809523809524,109.9767476190476,-0.059927,-0.062581,-0.000175535332801,0.0025347299672537,1716.56,843.2,594.52,217.09,15.62,15.96,873.36,831.0,201.36,190.39,0.0,1.57,9.40,629.64,656.95,531.62,337.22,187.84,0.0,6.56,125.33,0.8092244463048938,0.2423104693140794,0.4912149881157664
2015-09-30,1.1177,119.88,0.9733,1.5128,6.6757,18.91,-23.45,-34.92,-4.55,-155.98,95.7,-110.07,-156.02,-678.5,-32.875,-34.625,-68.0,-79.0,-39.75,-49.0,-4.0,-3.5,-57.0,-57.5,0.756,-0.144,0.12,4270.377,202.6594,98.7674560546875,115.88518524169922,79.34535217285156,29.24724893064746,24.377142857142857,110.85125714285716,-0.033756,-0.026443,0.014965158755579,-0.020277259585536,1710.51,833.07,590.13,222.36,12.63,7.95,877.44,841.31,199.6,196.63,0.0,1.44,1.53,641.71,647.63,528.13,330.42,191.3,0.0,6.41,119.5,0.8154810617173386,0.2372490520735519,0.4870301839802164
2015-10-31,1.1006,120.62,0.9879,1.5428,6.7769,19.53,-21.35,-33.4,-4.86,-189.96,108.68,-121.47,-171.25,-858.0,-35.0,-37.75,-71.25,-82.0,-38.0,-46.5,-4.5,-4.25,-63.0,-64.75,0.883,-0.188,0.11,4608.78,202.8709,91.931884765625,79.726318359375,108.51441955566406,53.25218714340053,16.789545454545454,109.90357142857142,0.073937,0.082983,-0.0066653615721357,0.076048796464178,1759.26,857.17,602.22,235.05,9.47,10.43,902.09,846.48,205.27,202.39,0.0,1.53,1.34,641.21,677.16,545.47,336.47,199.92,0.0,9.08,131.69,0.8055260204383012,0.2424983460920518,0.4872332685333606
2015-11-30,1.0565,123.11,1.029,1.5056,7.0617,28.94,-30.3,-56.6,2.6,-261.1,139.29,-153.75,-236.18,-1117.12,-42.0,-42.2,-79.75,-90.125,-50.0,-56.0,-8.75,-7.5,-67.0,-68.5,1.006,-0.273,0.1,4585.848,198.6844,150.71588134765625,113.04398345947266,213.99351501464844,30.72078645213318,16.21,111.6916105263158,0.002404,0.000505,-0.0039713749872418,0.16478930362911,1834.41,873.57,604.23,252.03,9.04,8.28,960.84,864.89,204.92,203.18,0.0,0.41,1.32,659.97,718.75,559.0,337.39,214.66,0.0,6.95,159.75,0.7777391304347826,0.2369318641676976,0.4762130603300243
2015-12-31,1.0862,120.22,1.0021,1.4736,6.8706,25.66,-29.76,-39.1,2.24,-188.82,140.96,-161.25,-195.63,-996.99,-30.25,-32.625,-72.75,-82.75,-39.0,-47.0,-4.8,-4.75,-64.5,-64.5,1.131,-0.235,0.11,4505.241,200.5569,148.23687744140625,115.224365234375,204.6312713623047,31.82149292642718,18.025454545454547,112.7857409090909,-0.022209,-0.01753,-0.0033074293747617,0.17746981132161,1824.64,906.21,598.21,291.3,8.29,8.42,918.42,887.14,239.39,237.19,0.0,0.42,1.78,647.75,691.71,557.89,304.27,246.98,0.0,6.64,133.82,0.8065374217518901,0.2698446693870189,0.4966513942476324
2016-01-31,1.0831,121.14,1.0231,1.4244,6.8904,26.99,-28.2,-40.04,3.21,-188.6,140.44,-157.6,-193.78,-930.01,-37.0,-39.875,-80.75,-91.75,-42.75,-54.0,-8.75,-7.0,-62.5,-65.0,0.732,-0.299,0.08,4235.718,202.9241,118.21114349365234,124.23914337158205,109.5290985107422,36.03343903142116,23.717894736842105,115.2343875,-0.057085,-0.050735,0.027459148691832,0.31442741192148,1857.47,929.99,610.77,301.59,8.98,8.66,927.47,933.73,261.52,259.31,0.0,0.28,1.92,672.22,686.54,554.31,298.07,249.51,0.0,6.73,132.23,0.8073965100358318,0.2800809655896243,0.5006756502123857
2016-02-29,1.0873,112.69,0.9984,1.3917,6.8608,31.66,-31.51,-45.75,4.79,-208.44,155.25,-171.25,-211.92,-990.1,-45.75,-50.75,-87.1,-99.25,-51.5,-64.0,-17.125,-16.5,-74.5,-78.3,0.62,-0.359,0.06,4204.194,209.5318,103.74964904785156,91.322021484375,117.58201599121094,32.20794967981509,22.517,114.281735,0.00062,-0.004128,0.010343214846946,0.31949662383736,1894.66,956.01,616.62,321.17,8.9,9.32,938.65,961.99,284.05,281.4,0.0,0.21,2.44,677.94,691.28,553.83,283.09,263.86,0.0,6.88,137.44,0.8011659530146975,0.2952733396397052,0.5045812969081523
2016-03-31,1.138,112.57,0.9618,1.436,6.5477,32.67,-31.58,-39.88,4.76,-193.88,152.75,-156.75,-177.5,-937.01,-39.75,-45.625,-80.5,-93.3,-40.0,-56.5,-12.75,-10.5,-66.5,-73.5,0.653,-0.346,0.07,4489.486,215.1692,109.72029113769533,98.02693176269533,127.76814270019533,54.3267365153279,15.84909090909091,111.89339130434782,0.070491,0.065991,0.001592107007817,0.20029305647996,1899.8,961.92,616.68,329.29,7.0,8.96,937.88,975.47,285.57,283.34,0.0,0.28,1.94,689.9,680.09,558.47,281.36,270.09,0.0,7.02,121.63,0.821170727403726,0.2927511866074815,0.5063269817875565
2016-04-30,1.1451,106.5,0.9599,1.4612,6.5001,32.53,-28.79,-38.95,4.1,-188.55,156.79,-151.04,-179.25,-985.5,-39.0,-45.125,-72.75,-83.75,-39.5,-53.0,-9.25,-8.0,-67.5,-69.5,0.729,-0.345,0.08,4560.526,218.7318,85.22145080566406,80.82244110107422,93.12298583984376,46.85040811097691,14.300476190476193,110.0170761904762,0.011718,0.002699,-0.0026207649829426,0.21297257686118,1920.56,989.23,623.43,345.93,10.18,9.69,931.33,979.42,300.03,298.1,0.0,0.23,1.70,679.39,689.09,565.16,274.27,282.91,0.0,7.99,123.93,0.8201541162983064,0.3063343611525188,0.5150737284958554
2016-05-31,1.1132,110.73,0.9939,1.4483,6.6817,35.37,-33.27,-42.94,9.27,-228.52,166.81,-175.0,-194.94,-1115.0,-37.5,-41.0,-78.75,-91.0,-39.0,-50.0,-9.75,-8.5,,,0.85,-0.343,0.07,4586.14,214.9337,88.3324203491211,84.46136474609375,93.63965606689452,57.42132900154887,14.85285714285714,111.14051428571427,0.01434,0.015329,-0.0013369865735717,0.33472603058457,1960.23,1017.01,638.34,357.81,10.51,10.35,943.22,985.69,309.74,307.39,0.0,0.43,1.92,675.95,722.77,577.57,275.45,293.68,0.0,8.43,145.2,0.7991062163620516,0.3142367275715488,0.5188217709146375
2016-06-30,1.1106,103.2,0.976,1.3311,6.6964,38.03,-33.65,-50.54,12.2,-232.28,158.52,-150.75,-209.0,-1016.5,-42.5,-44.75,-78.5,-86.75,-49.0,-56.75,-12.5,-11.0,,,0.479,-0.357,0.07,4534.751,223.8795,90.16812896728516,80.51286315917969,100.8573760986328,74.69130472325361,17.774545454545457,111.55962727272728,0.002947,0.000906,0.026108441457692,0.26369777462478,1972.15,1004.26,633.16,357.61,9.03,4.45,967.89,1032.08,310.49,303.07,0.0,6.34,1.08,721.58,705.66,575.8,275.2,297.22,0.0,3.38,129.86,0.8159736983816569,0.3008390822416867,0.5092209010470806
2016-07-31,1.1174,102.06,0.9695,1.323,6.6575,43.64,-35.35,-49.26,21.1,-273.01,182.36,-159.95,-204.96,-1171.84,-45.0,-47.5,-76.5,-83.25,-48.25,-56.25,-19.75,-17.5,,,0.554,-0.3542,0.08,4726.337,224.9542,114.6104507446289,97.0980453491211,145.14874267578125,46.10794684024953,13.1585,112.47729,0.038815,0.03561,0.0009353218412928,0.25355146531132,2018.35,1008.69,637.91,356.79,9.38,4.61,1009.66,1036.11,312.55,305.17,0.0,6.41,0.97,723.56,723.7,576.21,277.51,295.06,0.0,3.63,147.49,0.7962000829072821,0.3016571599540589,0.4997597047092923
2016-08-31,1.1158,103.43,0.9839,1.3138,6.6709,43.53,-39.95,-51.41,24.75,-264.69,196.6,-185.65,-220.53,-1212.5,-43.75,-47.75,-77.75,-79.625,-49.0,-55.5,-17.0,-15.75,,,0.728,-0.351,0.06,4730.265,222.9298,98.73848724365234,82.44046783447266,121.45369720458984,43.67019509184981,12.399565217391304,111.4383695652174,0.0028,-0.001219,-0.0087170617040648,0.33218764181069,2028.26,1040.57,651.0,362.28,15.36,11.92,987.69,1026.01,321.8,313.68,0.0,6.36,1.76,704.21,731.0,589.76,280.57,299.02,0.0,10.17,141.24,0.8067852257181942,0.3136421672303389,0.5130358040882332
2016-09-30,1.1235,101.35,0.9714,1.2972,6.6277,49.1,-43.7,-56.36,26.75,-299.19,193.9,-176.13,-217.58,-1192.5,-43.0,-45.625,-75.5,-78.75,-46.75,-50.25,-14.25,-13.25,,,0.688,-0.35,0.06,4755.392,224.7003,104.54522705078124,95.48959350585938,121.15049743652344,44.24597484534393,14.21952380952381,112.31686190476192,0.003013,-0.001234,0.0033336655812253,0.27891533257969,2031.92,1043.47,673.48,359.83,4.4,5.76,988.44,1038.59,338.57,336.58,0.0,0.66,1.33,700.02,725.78,581.07,278.39,298.26,0.0,4.43,144.7,0.8006145112844113,0.325990044194533,0.5135389188550731
2016-10-31,1.0981,104.82,0.989,1.2242,6.7736,47.32,-40.55,-53.89,26.22,-297.14,189.18,-174.5,-216.0,-1203.25,-40.375,-42.625,-72.25,-75.24,-44.0,-48.75,-14.75,-11.75,,,0.801,-0.35,0.06,4663.361,216.5012,85.74778747558594,79.64808654785156,100.30767822265624,50.46019699660908,14.585238095238095,113.474695,-0.021544,-0.019426,-0.010397271577183,0.30427698040484,2026.93,1071.87,667.66,380.75,10.68,12.79,955.06,1002.59,326.51,323.18,0.0,0.73,2.60,676.09,751.76,614.88,283.58,321.13,0.0,10.18,136.87,0.8179206129615835,0.3256665237036076,0.5288145125880025
2016-11-30,1.0589,114.46,1.0173,1.2506,7.0262,48.57,-52.15,-60.5,28.35,-333.06,202.47,-219.0,-248.56,-1394.5,-45.625,-45.625,-82.625,-83.0,-48.5,-51.75,-18.25,-13.5,,,1.171,-0.35,0.04,4730.416,205.7465,82.91875457763672,81.22564697265625,83.97505950927734,111.2968712682111,15.236190476190476,116.107515,0.040488,0.034175,-0.033620814492811,0.48442757269463,2025.23,1061.15,680.72,355.8,11.13,13.5,964.08,959.12,343.61,339.94,0.0,0.77,2.90,615.51,786.41,586.69,279.84,296.24,0.0,10.61,199.72,0.7460357828613574,0.3582554841938443,0.5239651792635899
2016-12-31,1.0517,116.96,1.019,1.234,7.0682,49.83,-54.06,-58.64,28.45,-358.38,211.73,-232.45,-248.58,-1503.82,-44.25,-44.125,-83.5,-85.0,-48.0,-51.25,-15.375,-11.25,,,1.349,-0.347,0.03,4843.607,203.8733,102.1804656982422,93.9366226196289,113.97946166992188,105.8383380919563,12.472380952380954,117.90482857142858,0.018763,0.018201,-0.0010302048091623,0.49711009769315,2036.86,1061.12,669.08,370.96,10.13,10.95,975.74,974.81,338.93,335.31,0.0,0.75,2.86,635.88,790.86,591.57,275.17,308.31,0.0,8.09,199.29,0.7480084970791291,0.3476882674572481,0.5209587305951316
2017-01-31,1.0798,112.8,0.9892,1.2579,6.8868,44.32,-41.15,-51.56,26.25,-298.66,213.57,-216.25,-240.85,-1424.71,-41.75,-42.25,-81.375,-86.25,-45.25,-50.5,-17.5,-14.0,,,1.339,-0.352,0.06,4960.508,206.5531,105.20123291015624,108.2770004272461,103.17117309570312,166.4209975750083,11.6085,117.7857789473684,0.022153,0.017884,0.0028205543142681,0.5174242614606,2007.82,1056.36,661.04,375.53,9.19,10.6,951.47,954.71,326.62,324.59,0.0,0.47,1.57,628.09,773.95,596.74,277.1,310.61,0.0,9.03,177.21,0.7710317203953744,0.3421143593342481,0.5261228596188902
2017-02-28,1.0576,112.77,1.0058,1.238,7.0284,44.88,-44.6,-53.67,26.7,-320.39,220.1,-222.0,-256.9,-1513.46,-40.25,-39.5,-74.625,-80.625,-43.5,-48.0,-14.0,-10.75,,,1.441,-0.353,0.05,5098.13,207.6745,114.20635986328124,125.66468048095705,97.15160369873048,122.7026173047554,11.530526315789476,116.1203894736842,0.032598,0.037198,0.0038446964233833,0.6138826265311,2082.72,1056.33,661.07,374.15,8.99,12.12,1026.39,977.47,314.31,312.84,0.0,0.53,0.94,663.16,811.87,610.47,286.87,312.42,0.0,11.18,201.4,0.7519307278258834,0.3215546257174133,0.5071877160636091
2017-03-31,1.0652,111.39,1.0026,1.255,6.983,47.25,-41.17,-55.5,28.27,-325.93,212.05,-201.63,-245.84,-1472.18,-32.25,-34.0,-62.75,-69.5,-33.25,-37.75,-8.75,-8.75,,,1.527,-0.351,0.06,5152.435,208.129,96.63587951660156,95.8384246826172,95.67454528808594,90.58218398652646,11.89782608695652,115.65584782608695,0.002062,-0.000389,0.0031673008762464,0.75351206995341,2114.29,1101.88,695.8,382.86,9.17,14.05,1012.42,979.59,345.73,342.82,0.0,0.38,2.53,633.86,822.26,620.17,289.22,319.43,0.0,11.52,202.08,0.7542261571765622,0.3529333700834022,0.5211584030572911
2017-04-30,1.0895,111.49,0.9946,1.2951,6.8273,51.32,-42.45,-56.89,34.28,-328.83,223.02,-206.5,-247.0,-1468.25,-34.0,-34.75,-65.75,-74.25,-34.75,-39.0,-12.0,-9.75,,,1.468,-0.3585,0.03,5228.726,210.5317,119.45992279052734,127.44654846191406,108.06884002685548,97.09221270663214,13.136315789473684,114.769795,0.009655,0.009091,0.0090722324948134,0.79414508222262,2104.91,1079.07,679.29,373.87,10.4,15.51,1025.84,982.95,330.93,326.1,0.0,0.60,4.23,652.02,810.37,608.5,289.05,308.17,0.0,11.28,201.88,0.7508915680491627,0.336670227376774,0.5126442460722787
2017-05-31,1.1244,110.78,0.9678,1.289,6.6153,55.93,-46.55,-58.05,37.0,-341.39,229.66,-203.75,-236.16,-1403.72,-33.75,-35.0,-62.75,-72.0,-33.75,-38.5,-12.0,-9.25,,,1.447,-0.361,0.05,5339.337,213.8568,102.57996368408205,102.35460662841795,99.70480346679688,54.45591438583198,10.862272727272726,114.2591318181818,0.009335,0.011576,0.0069938682508301,0.9719882973722,2132.24,1116.78,693.98,393.31,11.94,17.55,1015.46,1018.09,348.93,340.54,0.0,1.15,7.24,669.16,799.56,622.33,287.11,324.92,0.0,10.3,177.23,0.7783405873230278,0.3427300140459094,0.5237590515139009
2017-06-30,1.1426,112.39,0.9579,1.3025,6.5075,55.58,-45.65,-56.46,36.94,-334.25,234.96,-205.25,-235.9,-1380.0,-30.875,-33.125,-52.5,-58.5,-32.5,-36.0,-9.75,-7.75,,,1.535,-0.358,0.06,5359.88,213.0219,126.7890167236328,113.16846466064452,146.67166137695312,60.11549749124302,10.513636363636364,112.76027272727272,0.009571,0.004814,-0.0045596698717188,1.0151583662369,2184.81,1167.16,700.42,426.85,13.04,26.85,1017.64,1041.2,391.31,373.97,0.0,2.31,15.03,649.89,796.27,632.01,271.06,349.13,0.0,11.83,164.26,0.7937131877378276,0.3758259700345754,0.53421578993139
2017-07-31,1.1842,110.26,0.9669,1.3215,6.2804,58.13,-46.63,-56.75,40.12,-321.07,245.78,-207.5,-235.75,-1336.0,-29.25,-31.5,-56.0,-63.25,-31.25,-32.5,-10.25,-8.5,,,1.47,-0.359,0.06,5488.155,216.9466,102.81346130371094,125.59920501708984,71.9550552368164,65.97735105859182,10.2645,111.060555,0.020278,0.019349,0.0038083342219322,1.0761011176188,2176.61,1169.8,707.1,424.41,12.75,25.55,1006.81,1048.46,391.83,376.38,0.0,2.22,13.23,656.63,780.81,628.64,272.22,344.1,0.0,12.32,152.17,0.8051126394385318,0.3737195505789443,0.5374412503847726
2017-08-31,1.191,109.98,0.9587,1.293,6.2447,57.26,-46.18,-55.5,38.14,-318.56,250.43,-215.69,-236.18,-1361.5,-33.625,-35.875,-61.25,-64.0,-34.5,-36.75,-13.0,-11.25,,,1.375,-0.358,0.03,5495.883,219.2423,138.5316162109375,160.02310180664062,108.43595123291016,54.82564457176726,11.975652173913044,109.90586086956522,0.0016,0.000546,0.012250545295575,0.99230283629478,2201.94,1156.79,691.42,422.43,14.04,28.9,1045.15,1070.69,387.92,367.21,0.0,3.01,17.71,682.77,786.4,616.5,261.76,343.55,0.0,11.19,169.9,0.7839521871820957,0.3623084179360973,0.5253503728530295
2017-09-30,1.1814,112.51,0.9683,1.3398,6.2989,62.41,-53.68,-62.15,38.95,-351.19,263.27,-227.94,-249.0,-1443.0,-33.1875,-35.0625,-56.875,-61.25,-33.5,-35.875,-9.75,-7.5,,,1.61,-0.3558,0.05,5619.234,216.3899,115.5344467163086,142.1448974609375,84.09626770019531,51.30418105101649,10.438,108.854245,0.023729,0.019303,-0.011853454343136,1.0507349753703,2191.9,1147.39,690.05,417.18,14.94,25.22,1044.51,1056.85,388.67,370.75,0.0,3.80,14.13,668.18,796.35,599.38,252.64,335.64,0.0,11.1,196.96,0.7526590067181516,0.3677626910157544,0.5234682239153247
2017-10-31,1.1646,113.64,0.9976,1.3283,6.3897,63.54,-54.28,-64.94,39.15,-368.79,272.1,-240.0,-266.5,-1532.0,-34.375,-35.125,-59.125,-63.375,-33.75,-35.5,-11.0,-7.75,,,1.711,-0.356,0.05,5725.429,215.1929,91.4615707397461,109.23060607910156,69.15699768066406,47.73744405768275,10.125454545454543,110.8891761904762,0.019275,0.022188,-0.0015564296911702,1.1448278075316,2247.89,1161.28,708.66,406.16,19.06,27.4,1086.61,1076.77,400.06,381.81,0.0,4.09,14.15,676.71,815.48,600.4,258.18,328.98,0.0,13.24,215.07,0.7362534948741845,0.3715370970587962,0.5166089087989181
2017-11-30,1.1904,112.54,0.9836,1.3525,6.2517,68.9,-55.47,-69.35,42.88,-383.43,293.1,-247.89,-278.35,-1581.0,-34.25,-35.625,-54.5,-59.375,-35.25,-37.0,-12.5,-9.5,,,1.839,-0.349,0.06,5849.485,218.5036,92.59601593017578,103.94397735595705,80.11587524414062,44.02949445652751,10.54047619047619,111.163525,0.027231,0.028083,-0.0027495862034346,1.2591966958252,2255.72,1189.55,715.68,418.83,21.64,33.4,1066.17,1089.88,413.36,392.76,0.0,2.95,17.64,676.52,810.9,597.98,252.0,330.22,0.0,15.76,212.93,0.7374275496362067,0.3792711124160458,0.5273482524426791
2017-12-31,1.2005,112.69,0.9743,1.3513,6.2069,66.65,-53.55,-64.24,41.2,-367.05,302.71,-258.33,-279.0,-1605.47,-31.5,-33.25,-50.0,-53.625,-31.75,-35.75,-9.5,-7.5,,,1.907,-0.3445,0.06,5928.591,218.7396,82.71825408935547,95.908447265625,62.65747833251953,46.75210384467301,10.2645,110.87581,0.012122,0.009832,0.0004750974623113,1.3812383269045,2288.68,1231.63,742.76,442.79,21.15,24.93,1057.05,1103.82,426.17,414.82,0.0,1.81,9.55,677.65,823.76,618.45,262.54,340.53,0.0,15.38,205.32,0.7507647858599593,0.3860864996104438,0.5381398884946782
2018-01-31,1.2414,109.19,0.9313,1.4191,5.9955,74.24,-58.16,-65.54,49.85,-376.97,346.04,-274.45,-290.25,-1701.97,-31.75,-31.875,-51.0,-54.3125,-32.5,-33.0,-9.5,-6.5,,,2.172,-0.3515,0.08,6241.621,222.6864,92.42678833007812,107.64431762695312,75.66629028320312,73.21468799279117,11.062380952380952,108.35677619047618,0.050577,0.056179,-0.016734877996733,1.4576048726001,2298.98,1245.23,738.45,460.46,18.86,27.46,1053.75,1104.06,407.14,394.36,0.0,1.55,11.23,696.92,821.45,654.12,276.19,361.7,0.0,16.23,167.32,0.7962992269766875,0.3687661902432839,0.5416445554115303
2018-02-28,1.2194,106.68,0.9446,1.376,6.1066,85.29,-67.8,-75.45,56.16,-442.72,368.11,-296.5,-317.0,-1861.94,-30.875,-29.5,-53.5,-56.25,-34.25,-34.0,-10.0,-5.0,,,2.275,-0.3568,0.07,5983.047,221.8403,64.49137115478516,74.68311309814453,52.002201080322266,57.02965542081883,22.464736842105264,107.6500947368421,-0.039454,-0.038947,-0.006698358238492,1.5431970821424,2266.43,1228.74,750.96,428.45,20.41,28.92,1037.69,1073.84,422.39,407.72,0.0,2.28,12.39,651.45,825.78,627.46,276.19,334.74,0.0,16.53,198.32,0.7598391823488096,0.393345377337406,0.5421477830773508
2018-03-31,1.2324,106.28,0.954,1.4015,6.0485,85.25,-64.9,-74.97,54.8,-424.4,375.07,-288.08,-316.63,-1845.64,-27.25,-27.125,-43.25,-48.0,-28.0,-29.5,-6.25,-1.625,,,2.28,-0.3615,0.07,5852.638,225.0615,111.96229553222656,146.9270782470703,64.55758666992188,260.5556427562392,19.02380952380953,107.947175,-0.018421,-0.026885,0.0092070424666048,1.7018693177181,2235.62,1217.81,756.48,414.76,19.69,26.88,1017.81,1086.68,434.42,421.2,0.0,1.89,11.34,652.25,794.65,602.78,267.01,320.23,0.0,15.54,191.86,0.7585477883344869,0.3997681010048956,0.5447303208953221
2018-04-30,1.2078,109.34,0.9909,1.3763,6.1684,86.43,-70.0,-80.22,61.65,-442.41,380.33,-311.0,-335.5,-1942.1,-24.25,-25.0,-44.25,-48.75,-22.5,-25.75,-6.5,-1.75,,,2.451,-0.362,0.07,5919.891,220.5443,123.2634735107422,146.39566040039062,94.30585479736328,174.2081447963801,18.267619047619046,107.94335714285714,0.004679,0.002719,-0.011207348346178,1.8191156025585,2242.13,1225.02,767.12,410.99,20.24,26.67,1017.12,1081.21,440.06,427.85,0.0,1.52,10.68,641.15,804.49,594.36,270.68,307.69,0.0,15.98,210.13,0.7388034655496029,0.4070069644194929,0.5463643945712335
2018-05-31,1.1693,108.82,0.9858,1.3298,6.3656,82.52,-67.95,-79.07,58.25,-462.02,362.97,-307.13,-336.86,-1982.8,-24.25,-23.375,-44.5,-49.75,-23.0,-24.5,-4.0,-0.625,,,2.375,-0.3594,0.06,5956.988,218.436,125.66661834716795,172.21670532226562,63.21790313720703,152.2499154167137,14.124545454545457,111.04704090909092,0.026146,0.021608,0.0086030096684278,1.8953739824642,2304.5,1204.42,770.55,384.95,21.78,27.14,1100.07,1063.19,440.77,427.89,0.0,1.73,11.15,622.42,845.56,564.62,273.68,274.95,0.0,15.99,280.94,0.6677468186763802,0.4145731242769401,0.5226383163376004
2018-06-30,1.1684,110.76,0.9906,1.3207,6.3767,81.28,-71.15,-78.4,54.0,-463.88,358.63,-315.63,-336.1,-2001.56,-14.25,-15.625,-38.25,-44.0,-14.25,-18.0,4.5,8.5,,,2.487,-0.3569,0.06,5954.146,217.139,103.96858978271484,137.0244598388672,56.64043426513672,228.6231679022127,13.67809523809524,112.84441904761906,0.005359,0.004842,0.0012492662391774,1.910604557215,2352.17,1216.86,770.99,392.38,24.58,28.91,1135.31,1088.02,440.42,425.83,0.0,3.26,11.33,647.59,859.23,578.95,277.97,283.4,0.0,17.58,280.28,0.6738009613258383,0.4047903531185088,0.5173350565647891
2018-07-31,1.1691,111.86,0.9903,1.3124,6.3739,81.38,-70.6,-79.86,52.24,-463.08,365.6,-323.75,-340.25,-2015.42,-13.75,-16.25,-37.0,-44.0,-12.25,-16.0,4.0,6.625,,,2.606,-0.3605,0.06,6140.115,216.0133,110.02842712402344,129.1023406982422,84.4084701538086,246.381805651275,13.147619047619049,113.05953333333332,0.031573,0.036022,-0.0034345285112193,2.0228429044959,2370.65,1224.29,771.16,401.93,23.46,27.74,1146.36,1084.58,436.59,422.27,0.0,3.14,11.18,647.99,878.2,588.99,281.5,290.92,0.0,16.56,289.21,0.6706786608972899,0.402542919839938,0.516436420391032
2018-08-31,1.1602,111.03,0.9689,1.296,6.4258,81.29,-71.37,-76.64,50.37,-472.16,366.35,-325.95,-336.0,-2064.5,-17.75,-19.625,-41.875,-49.0,-15.25,-21.0,1.25,4.75,,,2.553,-0.359,0.08,6216.086,215.9332,112.74168395996094,145.11407470703125,68.57559204101562,225.8288090562551,12.54695652173913,113.8316304347826,0.030226,0.030263,0.0092570434038351,2.0940078214014,2400.1,1233.88,776.39,407.33,23.52,26.63,1166.22,1106.33,442.43,428.06,0.0,3.29,11.08,663.9,893.37,590.8,281.97,293.28,0.0,15.55,302.57,0.6613161400091787,0.3999078032775031,0.5140952460314154
2018-09-30,1.1604,113.7,0.9817,1.3031,6.4258,93.17,-89.2,-89.89,60.4,-546.19,386.51,-349.5,-355.0,-2186.5,-19.25,-19.625,-40.375,-46.375,-15.5,-19.0,1.5,5.25,,,2.73,-0.354,0.08,6250.698,213.3933,75.05390930175781,88.62364196777344,51.16391754150391,150.1088575684657,12.910526315789474,114.07866315789474,0.000425,0.004294,-0.010329030516336,2.1959343733857,2420.39,1274.77,798.36,428.95,22.24,25.22,1145.62,1115.17,450.89,439.12,0.0,2.58,9.19,664.29,901.87,621.5,291.57,313.9,0.0,16.02,280.37,0.6891237096255558,0.4043240044118834,0.5266795846950285
2018-10-31,1.1312,112.94,1.0085,1.2766,6.5956,98.24,-92.1,-97.44,63.25,-602.1,391.1,-363.7,-377.08,-2328.77,-17.5,-17.625,-41.875,-48.0,-16.25,-18.5,6.5,9.125,,,2.771,-0.3568,0.07,5791.723,211.4854,92.0164794921875,115.21215057373048,61.15047454833984,155.2070331578662,19.35217391304348,114.83125909090909,-0.074045,-0.069403,-0.0002191148379007,2.3209771834283,2373.11,1263.62,782.9,415.19,23.6,41.93,1109.49,1096.79,459.52,431.39,0.0,2.68,25.45,637.27,887.61,606.49,288.57,301.44,0.0,16.49,281.12,0.6832843253230586,0.4189680795776767,0.5324742637298734
2018-11-30,1.1317,113.57,0.9979,1.2749,6.5942,92.89,-90.13,-91.75,61.7,-573.0,380.26,-359.82,-364.26,-2272.39,-13.0,-13.875,-39.625,-47.0,-12.5,-15.0,8.375,12.5,,,2.636,-0.358,0.03,5857.516,212.4117,80.40758514404297,105.16685485839844,47.40216827392578,144.8310304644581,19.38904761904762,116.169045,0.018512,0.017859,0.012166422754905,2.3488722489008,2393.29,1267.46,791.58,411.45,22.94,41.49,1125.83,1099.58,470.2,442.65,0.0,2.69,24.86,629.38,896.67,595.94,284.61,294.7,0.0,16.63,300.73,0.6646146296853916,0.4276178177122174,0.5295889758449666
2018-12-31,1.1467,109.69,0.9821,1.2754,6.5114,88.65,-82.13,-84.68,56.31,-528.98,365.4,-332.75,-344.38,-2127.95,-12.0,-12.5,-38.625,-46.375,-9.5,-14.75,11.75,16.0,,,2.312,-0.3565,0.01,5412.122,217.9141,90.607666015625,106.0626983642578,66.24092864990234,164.6457441749881,24.953157894736844,116.2118052631579,-0.08989,-0.091777,0.021655053539847,2.3537430400248,2334.62,1289.71,816.81,402.81,25.14,44.96,1044.91,1091.82,495.57,468.01,0.0,2.60,24.96,596.25,861.27,592.48,283.96,288.52,0.0,19.99,268.79,0.6879143590279472,0.4538934989283948,0.5524282324318305
2019-01-31,1.1448,108.89,0.9942,1.3109,6.5215,89.89,-82.04,-87.1,61.7,-539.56,362.0,-326.0,-344.28,-2112.82,-14.25,-16.0,-39.375,-48.375,-11.25,-15.38,3.375,6.5,,,2.247,-0.362,0.0,5833.217,220.9748,87.42410278320312,112.98045349121094,55.7335090637207,141.7107734334984,19.57238095238095,114.44249,0.088294,0.078684,0.0065197802204822,2.3820942735638,2455.99,1288.86,807.98,415.02,20.56,45.31,1167.13,1151.38,493.69,462.91,0.0,2.46,28.32,657.69,899.24,600.5,281.88,301.63,0.0,16.99,298.74,0.6677861305102086,0.4287811148361096,0.5247822670287745
2019-02-28,1.1371,111.39,0.9982,1.3263,6.5614,87.85,-80.4,-85.43,61.14,-537.47,355.38,-327.3,-341.11,-2116.0,-13.375,-14.625,-36.625,-46.375,-10.25,-12.25,4.0,7.5,,,2.307,-0.36,0.0,6008.621,218.7624,96.80016326904295,127.857421875,57.51169967651367,127.4717074990673,15.234736842105262,114.41300555555556,0.032724,0.029729,-0.0035077402368372,2.4279936691251,2488.15,1307.22,808.2,433.0,21.19,44.82,1180.92,1156.51,484.88,454.51,0.0,2.50,27.87,671.63,918.41,620.24,290.55,312.73,0.0,16.96,298.18,0.6753410786032382,0.4192613985179549,0.5253782931093383
2019-03-31,1.1218,110.86,0.9952,1.3035,6.6549,86.44,-78.75,-85.22,59.09,-545.9,338.05,-310.8,-328.5,-2090.7,-11.375,-11.875,-33.0,-41.5,-9.0,-10.875,5.625,7.375,,,2.045,-0.363,0.0,6087.541,221.4048,82.32829284667969,90.7895965576172,66.64120483398438,94.09791773419668,14.485238095238095,114.78351904761904,0.012962,0.017924,0.020844072149982,2.3794667460969,2559.19,1293.96,805.9,419.55,23.28,45.23,1265.23,1180.56,491.88,461.76,0.0,2.61,27.51,688.68,949.96,599.06,282.11,299.23,0.0,17.72,350.9,0.6306160259379342,0.4166497255539744,0.5056131041462337
2019-04-30,1.1215,111.42,1.0193,1.3032,6.6576,90.58,-81.93,-91.7,61.95,-557.25,341.86,-316.49,-339.9,-2122.07,-15.25,-16.0,-34.25,-42.5,-10.25,-12.25,2.125,4.5,-33.75,-33.7,2.061,-0.364,0.0,6303.401,220.0047,79.25344848632812,95.45539855957033,57.51552963256836,91.15902184922588,12.94904761904762,114.90375454545456,0.037893,0.039314,-0.0021236182481988,2.4154034647704,2600.55,1299.69,793.29,428.52,33.98,43.9,1300.86,1197.85,482.06,453.35,0.0,2.73,25.98,715.79,971.66,589.63,278.68,293.03,0.0,17.93,382.02,0.6068274910977091,0.4024377008807447,0.4997750475860875
2019-05-31,1.1169,108.29,1.0006,1.2629,6.6862,85.15,-76.7,-85.65,56.74,-545.26,313.53,-279.25,-311.14,-1984.89,-17.25,-17.875,-36.625,-44.5,-14.0,-16.38,0.5,3.75,-37.5,-36.75,1.673,-0.368,0.0,5939.689,223.8505,106.4719009399414,134.97251892089844,64.66343688964844,189.7933361450865,16.721818181818183,115.95738181818182,-0.061679,-0.065778,0.025013303035595,2.3386745960367,2536.14,1247.49,785.67,387.27,24.84,49.71,1288.65,1165.29,468.82,432.54,0.0,2.93,33.35,696.47,939.81,569.73,293.16,260.22,0.0,16.36,370.07,0.6062182781626074,0.4023204524195694,0.4918853060162294
2019-06-30,1.1373,107.85,0.9763,1.2696,6.5624,81.56,-71.95,-79.55,50.8,-504.35,301.26,-263.25,-291.5,-1853.0,-17.75,-20.0,-36.5,-43.0,-16.75,-18.625,1.25,3.5,-38.25,-38.25,1.508,-0.4,0.0,6331.084,228.9185,106.58845520019533,142.6534881591797,53.42063903808594,266.0045235519717,15.836000000000002,115.42707,0.067279,0.06893,0.010358134395318,2.0812688033937,2618.09,1320.39,827.95,420.93,22.31,49.2,1297.7,1229.97,507.21,471.01,0.0,2.75,33.44,722.76,951.66,610.81,296.67,298.38,0.0,15.76,340.86,0.6418363701321901,0.4123759116076002,0.5043333116890558
2019-07-31,1.1076,108.78,0.994,1.2159,6.7421,83.63,-75.6,-84.58,53.75,-531.71,316.5,-284.42,-319.0,-2004.5,-21.125,-22.0,-46.625,-52.75,-22.0,-23.5,-3.75,1.0,-41.25,-40.525,1.563,-0.4318,0.0,6362.444,227.8868,93.52125549316406,126.93077850341795,47.41885757446289,145.1146457343524,13.305909090909092,115.0775909090909,0.011854,0.013128,-8.2304675347842e-05,2.0227867568148,2738.56,1379.3,855.51,449.98,24.0,49.81,1359.26,1304.54,537.56,501.55,0.0,2.81,33.21,766.97,994.54,638.14,294.66,326.88,0.0,16.61,356.39,0.641643372815573,0.4120686218897082,0.5036588572096284
2019-08-31,1.0982,106.28,0.9904,1.2156,6.7889,75.71,-65.91,-79.96,43.35,-490.71,283.21,-243.72,-298.0,-1832.72,-20.0,-22.25,-42.375,-48.5,-23.0,-23.5,-1.875,0.5,-40.75,-41.025,1.111,-0.5065,0.0,6232.303,233.7936,103.4044189453125,124.72541809082033,70.09744262695312,254.2201556656221,18.97909090909091,117.10038636363636,-0.020339,-0.018092,0.030410822613458,1.9717831082756,2774.95,1374.96,846.72,454.75,25.54,47.94,1399.99,1354.01,540.4,504.72,0.0,2.73,32.95,813.62,991.21,636.97,287.86,334.11,0.0,15.0,354.25,0.6426186176491359,0.3991107894328697,0.4954900088289879
2019-09-30,1.0899,108.08,0.9977,1.2289,6.8508,80.14,-77.72,-84.7,48.3,-533.1,274.65,-249.5,-278.56,-1837.81,-17.25,-18.875,-38.25,-44.25,-15.25,-15.75,2.625,3.625,-38.0,-38.0,1.2785,-0.461,0.0,6364.933,230.6781,90.36798858642578,110.8709487915039,67.81023406982422,136.9317333067769,15.559,117.32392,0.016033,0.017181,-0.0084243792469487,1.8086150467018,2851.92,1451.11,867.14,509.98,25.74,48.26,1400.8,1391.62,547.52,511.66,0.0,2.79,33.07,844.1,1017.38,703.79,299.89,388.72,0.0,15.19,313.59,0.6917670880103796,0.3934407381325362,0.508818620438161
2019-10-31,1.1152,108.03,0.9864,1.2942,6.6994,71.0,-66.35,-71.63,38.58,-479.34,251.2,-228.39,-250.01,-1672.0,-12.0,-13.25,-37.625,-44.75,-10.0,-11.5,6.625,8.0,-34.75,-33.0,1.235,-0.458,0.0,6526.904,231.7815,97.83673095703124,121.31104278564452,69.96658325195312,139.2663043478261,15.466521739130435,116.74625909090908,0.019257,0.020432,0.0017676351279631,1.5389903971298,2825.81,1450.08,869.57,508.66,23.13,48.72,1375.73,1379.13,549.58,514.73,0.0,2.72,32.12,829.55,1002.72,703.62,298.73,388.3,0.0,16.59,299.1,0.7017113451412159,0.3984976035616657,0.5131555200101917
2019-11-30,1.1018,109.49,1.0002,1.2925,6.7811,69.2,-65.78,-71.24,40.15,-475.15,252.29,-231.28,-256.9,-1697.0,-12.375,-13.5,-35.5,-41.375,-10.5,-10.5,6.25,8.0,-36.5,-34.65,1.318,-0.4494,0.0,6708.68,229.0741,73.07838439941406,84.5873031616211,53.03253173828125,119.8353566404418,12.5235,116.55946842105264,0.034999,0.034047,-0.0053449806368448,1.5720359271057,2923.35,1513.87,901.09,536.01,24.31,52.46,1409.48,1415.15,566.18,531.18,0.0,2.78,32.22,848.97,1036.99,738.72,311.01,407.47,0.0,20.24,298.27,0.7123694539002305,0.4000847966646644,0.5178545162228265
2019-12-31,1.1213,108.61,0.9666,1.3257,6.6627,63.95,-56.0,-62.4,33.0,-419.5,256.17,-223.52,-243.37,-1643.31,-12.0,-13.375,-33.25,-39.375,-10.25,-12.6251,5.75,6.5,-35.0,-33.5,1.454,-0.444,0.02,6909.66,230.0931,74.27989196777344,80.11077117919922,63.33135223388672,146.3152232383001,13.756666666666666,115.90961,0.028489,0.02859,-0.0041526227138163,1.5416000637567,2938.22,1525.6,895.41,552.79,24.51,52.89,1412.61,1418.14,561.78,527.17,0.0,2.64,31.98,856.35,1038.63,749.37,308.23,420.23,0.0,20.91,289.27,0.7214985124635336,0.3961386040870435,0.5192259259007154
2020-01-31,1.1093,108.35,0.9634,1.3206,6.7369,60.97,-53.83,-59.65,31.53,-411.35,232.75,-200.08,-226.8,-1537.01,-11.5,-12.625,-32.625,-39.875,-9.25,-12.25,3.125,4.375,-33.715,-33.0,1.114,-0.459,0.01,6867.603,233.3239,138.4209442138672,190.8443603515625,81.65093994140625,139.6403359612511,13.94095238095238,115.27938571428572,-0.001728,-0.001628,0.026832624488671,1.5465910601984,3014.12,1555.07,897.78,601.03,18.71,37.55,1459.05,1505.25,555.37,541.61,0.0,2.68,11.08,949.88,1037.63,784.7,295.38,462.85,0.0,26.47,252.93,0.7562425912897661,0.3689553230360405,0.5159283638342202
2020-02-29,1.1026,107.89,0.9649,1.2823,6.7773,57.97,-50.05,-58.63,28.63,-392.33,201.24,-173.8,-207.34,-1358.08,-17.0,-17.25,-40.875,-46.5025,-14.0,-15.5,-0.5,0.625,-38.69,-37.5,0.72335,-0.5,,6287.117,235.344,75.95555877685547,87.1624526977539,56.68605041503906,95.7377758546084,19.62894736842105,116.71054210526316,-0.077918,-0.084111,0.023649084212252,1.2744308660682,2967.46,1560.89,906.81,595.12,17.79,41.17,1406.57,1510.62,564.69,548.15,0.0,2.84,13.69,945.94,1008.71,786.31,295.51,463.32,0.0,27.47,222.4,0.7795203775118715,0.3738134011200699,0.5260020354107554
2020-03-31,1.1031,107.54,0.9611,1.242,6.7679,38.5,-40.85,-40.95,18.8,-229.6,129.95,-126.58,-134.82,-860.04,-19.0,-21.0,-54.875,-58.875,-16.25,-21.25,-0.75,-1.0,-43.25,-42.75,0.128,-0.4618,,5455.063,233.2666,81.54003143310547,97.09007263183594,62.90298843383789,61.23410268487989,57.73681818181819,121.02274090909091,-0.141733,-0.125119,0.033265389462773,0.10393737259349,2645.37,1412.46,876.52,488.13,14.61,33.19,1232.91,1363.56,565.86,551.77,0.0,2.11,11.99,797.7,892.57,658.82,272.44,365.17,0.0,21.2,233.75,0.7381157780342158,0.4149872392854,0.5339366515837104
2020-04-30,1.0955,107.18,0.9653,1.2594,6.8117,21.0,-15.95,-25.52,4.51,-136.31,97.1,-82.31,-116.2,-692.54,-18.875,-21.125,-48.5,-57.25,-14.25,-16.25,-5.875,-5.0,-44.565,-44.55,0.0745,-0.477,,6050.997,236.3295,69.33940124511719,81.76082611083984,47.59123229980469,55.47850208044382,41.453809523809525,123.28034545454544,0.129674,0.126844,0.0020390562745387,0.10140170547781,2794.7,1469.62,882.76,541.5,12.19,33.17,1325.08,1437.7,562.35,548.45,0.0,2.08,11.82,875.35,941.19,712.31,280.91,410.06,0.0,21.35,228.88,0.7568184957341237,0.3911455797454267,0.5258596629334097
2020-05-31,1.1101,107.83,0.9616,1.2343,6.7164,21.53,-15.03,-25.6,4.5,-134.15,93.9,-75.55,-110.13,-628.0,-19.875,-22.375,-47.25,-56.5,-14.75,-17.6251,-5.875,-6.0,-45.75,-46.0,0.01695,-0.468,,6343.31,236.3371,68.50721740722656,83.35546112060547,42.29555892944336,66.5,30.897,122.61501,0.053739,0.045282,0.002789981780226,0.14450490813203,2816.13,1492.84,895.73,550.79,14.23,32.1,1323.28,1425.63,554.99,540.28,0.0,2.49,12.22,870.65,966.39,734.57,302.35,412.35,0.0,19.88,231.81,0.7601175508852535,0.3892945574938798,0.5301033688075479
2020-06-30,1.1234,107.93,0.9473,1.2401,6.6339,22.94,-13.84,-25.88,6.52,-133.0,96.43,-70.4,-106.04,-620.0,-17.625,-21.125,-44.25,-52.0,-15.75,-19.1251,-3.25,-3.25,-43.5,-44.575,0.0,-0.4708,0.0,6511.097,237.513,71.22785949707031,85.86660766601562,49.760887145996094,59.9,31.119545454545456,119.67660454545454,0.025299,0.018388,0.0018730249851931,0.19268516379477,2874.71,1538.43,921.04,574.76,14.41,28.23,1336.28,1457.93,571.43,556.38,0.0,2.09,12.96,886.5,985.72,760.5,309.78,435.45,0.0,15.27,225.22,0.7715172665665706,0.3919461153827687,0.5351600683199349
2020-07-31,1.1778,105.83,0.9129,1.3085,6.3229,22.7,-11.82,-23.74,5.98,-121.25,91.4,-57.05,-95.4,-526.0,-13.5,-18.375,-37.5,-45.5,-12.75,-16.25,-0.625,-0.875,-43.5,-43.0,-0.02265,-0.47,0.0,6822.597,245.4586,66.47328186035156,88.73797607421875,36.25208282470703,57.4,26.840454545454545,118.69005,0.055532,0.055101,0.0067567532065541,0.091260267165117,2912.19,1565.07,933.03,592.68,10.51,28.86,1347.12,1501.37,568.74,552.37,0.0,2.06,14.31,932.63,981.0,791.34,327.64,449.15,0.0,14.55,189.67,0.8066666666666668,0.3788140165315679,0.5374202919452371
2020-08-31,1.1936,105.91,0.9037,1.337,6.2359,23.18,-12.05,-23.73,6.43,-112.41,95.8,-61.1,-96.18,-533.0,-12.25,-16.125,-37.875,-44.5,-9.5,-12.25,2.0,2.5,-38.75,-39.75,0.036,-0.469,0.0,7278.444,244.5188,65.46604919433594,90.00911712646484,28.454627990722656,67.2,22.88952380952381,116.94534761904762,0.068442,0.070065,-0.0056245587668906,0.10140128288395,2883.53,1550.39,926.94,579.07,13.47,30.92,1333.13,1453.84,551.61,535.5,0.0,2.02,14.09,902.23,990.03,790.6,334.25,439.52,0.0,16.82,199.43,0.7985616597476844,0.3794158917074781,0.5376708409484209
2020-09-30,1.1721,105.48,0.9209,1.292,6.3522,26.44,-15.46,-27.64,9.14,-133.49,96.3,-56.37,-99.75,-540.09,-11.25,-14.5,-34.75,-42.5,-9.0,-10.75,-0.375,0.125,-35.97,-37.16,0.044,-0.4739,0.0,7027.344,244.1585,80.37738037109375,101.25764465332033,49.51808166503906,67.8,27.64761904761905,116.34313333333334,-0.035056,-0.039228,0.0018734424723198,0.086189713536961,2955.98,1576.64,941.49,588.87,13.66,32.61,1379.34,1498.2,569.57,551.83,0.0,2.25,15.49,928.62,1012.13,788.52,332.2,439.2,0.0,17.12,223.6,0.779069882327369,0.3801695367774663,0.5333730268811021
2020-10-31,1.1647,104.66,0.917,1.2947,6.392,25.93,-14.11,-26.74,8.64,-150.18,99.07,-54.9,-100.87,-566.14,-9.375,-12.375,-31.375,-38.375,-9.5,-11.5,1.625,2.375,-36.345,-36.21,0.08005,-0.4893,0.0,6811.78,244.4729,76.08316802978516,97.65258026123048,42.68144226074219,70.24901703800785,29.438636363636363,115.77981428571428,-0.020178,-0.027666,-0.0092754432765645,0.088724982426553,2938.3,1542.15,916.16,580.02,13.67,32.31,1396.15,1488.03,559.03,541.77,0.0,1.62,15.64,929.0,1000.28,764.08,316.95,430.46,0.0,16.67,236.2,0.7638661174871036,0.3756846300141798,0.5248442977231733
2020-11-30,1.1927,104.31,0.9089,1.3323,6.2409,28.81,-15.8,-27.74,11.79,-147.82,103.0,-55.62,-100.89,-544.0,-11.625,-14.0,-29.0,-35.625,-11.0,-12.25,-1.125,-0.625,-37.75,-37.0,0.10625,-0.4844,0.0,7682.745,248.2975,70.06746673583984,79.03644561767578,62.31394577026367,69.8753423891777,24.9955,114.0984,0.123707,0.107546,0.0030333040969383,0.078584171161666,3072.39,1606.71,940.61,621.61,13.19,31.3,1465.68,1543.69,562.92,545.46,0.0,1.59,15.87,980.77,1048.99,815.14,335.1,464.6,0.0,15.43,233.85,0.7770712780865404,0.3646587073829589,0.5229511878374816
2020-12-31,1.2216,103.25,0.8852,1.367,6.0918,25.2,-11.15,-23.74,7.68,-123.97,102.42,-51.62,-95.5,-500.41,-10.5,-12.625,-30.75,-35.5,-9.75,-10.0,-2.25,-1.75,-37.25,-37.0,0.107,-0.4779,0.0,8008.468,251.9457,64.06729125976562,86.81527709960938,31.744428634643555,98.01160367261872,22.37409090909091,111.89921428571428,0.045048,0.037122,-0.0010030735290762,0.078584086560686,3105.57,1631.92,949.8,634.69,13.88,33.56,1473.65,1562.71,572.08,554.3,0.0,1.54,16.24,990.62,1058.63,819.7,333.3,469.08,0.0,17.32,238.93,0.7743026364263246,0.3660819985793909,0.5254816346113595
2021-01-31,1.2136,104.68,0.8903,1.3708,6.1291,24.18,-10.32,-23.11,6.65,-103.5,103.15,-50.09,-96.66,-496.0,-10.375,-11.625,-28.25,-33.125,-11.75,-11.5,-4.375,-3.125,-34.75,-34.255,0.119,-0.4867,0.0,7928.875,249.0309,77.418701171875,98.47562408447266,48.2874870300293,75.4428165318171,24.91,111.48727222222222,-0.000631,-0.011137,-0.005142457040626,0.053232660136434,3130.8,1682.27,977.95,648.41,14.91,40.99,1448.52,1555.26,591.39,567.75,0.0,0.00,23.65,963.87,1078.01,837.36,346.22,473.79,0.0,17.35,240.66,0.7767645940204636,0.3802515335056518,0.5373291171585537
2021-02-28,1.2075,106.57,0.9085,1.3933,6.1579,24.79,-10.94,-22.83,5.2,-94.14,99.43,-53.24,-91.21,-452.5,-10.125,-11.125,-29.375,-33.75,-10.75,-10.25,-2.875,-1.875,-32.0,-32.835,0.2657,-0.481,,8132.047,243.5409,73.95680236816406,94.48355865478516,46.326778411865234,36.8550368550368,23.14052631578948,112.01705263157896,0.029196,0.026092,-0.020199433482895,0.038022615671312,3128.69,1667.44,962.67,649.12,15.01,40.65,1461.25,1522.59,600.63,579.54,0.0,0.00,21.09,921.96,1101.47,812.09,326.48,466.05,0.0,19.56,289.38,0.7372783643676178,0.3944791440900045,0.5329514908795694
2021-03-31,1.173,110.72,0.9436,1.3783,6.3407,22.8,-9.71,-23.63,4.0,-104.18,102.15,-54.72,-101.52,-512.28,-9.5,-9.375,-29.125,-34.5,-11.75,-12.75,-0.875,0.625,-31.5,-31.25,0.339,-0.4852,,8402.617,238.11,78.61876678466797,100.85202026367188,49.41804122924805,46.8245425188374,21.84304347826087,113.33664347826088,0.030573,0.042439,-0.015797556246011,0.065908132958578,3246.55,1712.95,973.25,684.06,18.04,37.6,1533.6,1574.85,649.35,631.21,0.0,0.00,18.13,925.5,1164.54,806.61,289.67,497.47,0.0,19.47,357.93,0.6926425884898758,0.4123249833317459,0.5276216291139825
2021-04-30,1.202,109.31,0.9131,1.3822,6.1868,22.75,-8.85,-22.24,3.38,-101.11,98.89,-50.38,-94.63,-488.65,-8.0,-9.125,-27.125,-31.875,-10.25,-11.8751,0.125,1.125,-30.975,-31.25,0.31355,-0.4857,,8793.676,241.0313,88.16622161865234,109.5869598388672,67.87379455566406,47.9506793012901,17.416190476190476,112.63228636363635,0.04819,0.052425,0.0084137657607684,0.010139015627076,3310.8,1762.0,984.05,721.16,15.33,41.46,1548.8,1605.65,657.61,640.46,0.0,0.00,17.15,948.04,1181.01,844.4,290.65,529.45,0.0,24.31,336.6,0.7149812448666819,0.4095599912807897,0.5321976561556119
2021-05-31,1.2227,109.58,0.8989,1.4212,6.0825,21.44,-7.53,-20.83,0.82,-94.29,89.27,-38.6,-85.07,-430.96,-3.375,-3.5,-21.375,-27.5,-5.75,-7.0,3.75,5.0,-27.5,-27.0,0.3035,-0.483,,8920.353,243.3193,93.00713348388672,120.7828369140625,52.62611389160156,49.2583573168031,19.7605,111.21227,0.007092,0.005486,0.0041172406736269,0.0076042379565637,3363.71,1784.51,991.25,742.97,15.69,34.6,1579.2,1641.22,647.88,634.67,0.0,0.00,13.21,993.35,1193.2,867.96,298.64,547.93,0.0,21.4,325.25,0.7274220583305397,0.394755121190334,0.5305183859488481
2021-06-30,1.1858,111.11,0.925,1.3831,6.2712,22.74,-8.91,-22.8,2.85,-112.88,95.04,-46.65,-93.65,-486.27,-7.0,-6.75,-23.125,-29.0,-9.0,-9.6251,-0.375,0.625,-31.3,-30.115,0.431,-0.482,,9053.309,240.3335,74.12712097167969,92.54654693603516,46.34864044189453,49.3487117690939,16.956818181818182,111.57769545454543,0.023422,0.022214,0.0036458775481018,0.035487663718962,3409.78,1802.36,1000.95,750.49,16.74,34.18,1607.42,1656.78,648.79,635.29,0.0,0.00,13.50,1007.99,1206.89,877.55,309.13,547.75,0.0,20.67,329.34,0.7271168043483663,0.391596953125943,0.5285854219333798
2021-07-31,1.187,109.72,0.9059,1.3904,6.2668,21.58,-8.06,-21.26,2.6,-102.67,91.72,-41.14,-87.78,-462.05,-5.625,-6.0,-21.25,-28.0,-5.75,-6.75,0.125,1.75,-30.5,-28.75,0.32885,-0.4827,,9215.48,244.1924,58.42076873779297,64.03631591796875,50.7158317565918,57.2197913160552,17.603333333333335,113.06331904761906,0.011828,0.022748,0.015860019320579,0.048162581932187,3513.21,1836.94,1002.48,780.06,21.0,33.39,1676.27,1723.49,659.97,646.52,0.0,0.00,13.45,1063.52,1236.22,889.41,304.14,565.33,0.0,19.94,346.81,0.7194593195385934,0.3829265037801206,0.5228665522413974
2021-08-31,1.1809,110.02,0.9151,1.3755,6.2973,20.88,-8.02,-20.69,2.03,-99.04,92.4,-44.48,-89.79,-463.88,-6.375,-6.375,-21.25,-26.25,-5.7501,-7.0,0.5,1.5,-29.75,-28.485,0.38195,-0.4869,,9444.838,243.0163,89.4865493774414,103.20159149169922,76.48285675048828,39.4601395402035,17.472727272727273,113.40253636363636,0.027147,0.02899,-0.0038603743139444,0.05576776561301,3603.02,1847.17,1013.9,784.77,21.99,26.51,1755.85,1725.07,653.33,644.62,0.0,0.00,8.71,1071.75,1312.17,904.03,319.05,567.18,0.0,17.81,408.13,0.6889579856268623,0.3787266603674054,0.5126727023441446
2021-09-30,1.158,111.29,0.9317,1.3474,6.4223,24.51,-11.51,-23.53,3.65,-130.18,91.58,-42.1,-88.51,-500.0,-7.125,-7.125,-20.5,-25.625,-3.0,-4.75,-0.75,-0.125,-29.75,-28.75,0.48925,-0.485,,9052.683,237.6679,80.69696807861328,92.0473175048828,67.94027709960938,51.5433023673958,19.824761904761903,113.4437476190476,-0.042243,-0.047569,-0.010610113281577,0.038022635476323,3547.75,1854.89,1026.08,780.84,21.81,26.16,1692.86,1697.47,661.63,653.74,0.0,0.07,7.83,1035.83,1291.5,899.41,321.84,559.24,0.0,18.34,392.09,0.6964072783584978,0.3897741933583509,0.5228356000281869
2021-10-31,1.1558,113.95,0.9161,1.3682,6.4368,26.78,-12.85,-25.43,2.93,-155.42,105.26,-67.86,-98.92,-611.63,-12.625,-13.125,-38.625,-39.75,-5.5,-8.5,-2.625,-1.875,-35.355,-33.0,0.7834,-0.484,,9565.432,236.5804,79.02923583984375,93.80802917480467,61.149112701416016,56.0620995564317,17.871428571428574,114.063485,0.064651,0.069144,-0.0085894881395845,0.055767723007705,3631.6,1847.69,1009.2,783.81,29.59,25.09,1783.91,1731.91,641.8,634.29,0.0,0.00,7.51,1090.1,1339.95,911.5,324.35,569.58,0.0,17.57,428.45,0.6802492630322027,0.3705735286475625,0.5087812534420091
2021-11-30,1.1338,113.17,0.9189,1.3299,6.5592,30.6,-14.22,-28.3,9.8,-168.94,117.88,-73.61,-113.36,-692.38,-9.375,-10.25,-26.25,-30.5,-4.75,-8.75,-1.0,1.0,-31.25,-29.25,0.86185,-0.495,,9355.825,236.5369,86.56914520263672,121.5009536743164,39.74269104003906,48.4903342600375,18.50047619047619,114.989795,-0.018351,-0.008334,0.0062268945207667,0.06590819246712,3623.69,1820.21,1010.43,769.76,15.56,24.46,1803.48,1741.5,635.45,629.27,0.0,0.00,6.18,1106.05,1334.63,895.34,329.06,547.99,0.0,18.29,439.29,0.6708525958505354,0.364886592018375,0.5023084204222767
2021-12-31,1.137,115.08,0.9129,1.3532,6.5404,21.86,-9.52,-21.99,-5.69,-128.96,126.8,-86.17,-116.25,-736.35,-7.25,-8.125,-21.375,-26.875,-4.5,-7.25,-2.875,-2.375,-27.5,-25.75,0.973,-0.488,,9755.694,235.3109,105.34542083740234,155.3102569580078,47.65493392944336,37.1166243406915,21.354545454545452,115.8045380952381,0.033341,0.043613,-0.0029629070457943,0.045627566598743,3667.91,1846.2,1025.65,781.6,15.86,23.09,1821.7,1741.1,650.21,644.89,0.0,0.00,5.32,1090.89,1376.78,904.17,331.72,554.69,0.0,17.76,472.6,0.6567280175481921,0.3734478203434611,0.503338413428901
2022-01-31,1.1235,115.11,0.9272,1.3447,6.6233,25.11,-13.1,-25.2,-6.38,-150.14,163.3,-129.93,-151.99,-946.54,,,,,,,,,,,,,,9239.512,230.8782,138.67498779296875,199.48751831054688,63.25152969360352,46.6062754365235,23.181,115.03728,-0.059822,-0.052585,-0.018131178200172,0.20282961642971,3522.57,1810.62,1011.06,763.52,14.9,21.13,1711.94,1699.15,653.18,648.07,0.0,0.00,5.11,1045.97,1299.04,878.87,315.15,547.7,0.0,16.02,420.17,0.6765534548589728,0.3844157372804048,0.5140053994668665
2022-02-28,1.1219,115.0,0.9168,1.342,6.6297,39.42,-24.58,-35.22,-0.22,-235.54,197.95,-157.01,-171.92,-1129.98,,,,,,,,,,,,,,9005.833,228.7795,216.1590118408203,320.6058654785156,105.2183074951172,54.3041029766693,25.748421052631578,114.99774210526316,-0.021838,-0.031361,-0.0033468818523824,0.33979825106973,3425.87,1804.9,1007.57,760.37,10.06,26.9,1620.97,1649.94,657.71,652.33,0.0,0.00,5.38,992.24,1254.59,877.31,306.67,549.13,0.0,21.52,377.28,0.6992802429478954,0.3986266167254567,0.5268442760525064
2022-03-31,1.1067,121.7,0.9225,1.3138,6.721,41.1,-32.06,-37.65,-3.52,-244.35,249.51,-258.3,-222.87,-1498.93,,,,,,,,,,,,,0.1,9252.984,220.6635,318.9549255371094,403.713623046875,250.9558563232422,53.6275658016396,26.968695652173917,116.29083913043478,0.030506,0.035773,-0.0375433685278,0.50472715350512,3446.25,1801.08,1002.78,761.19,8.41,28.69,1645.17,1633.83,646.05,639.83,0.0,0.00,6.22,987.78,1290.83,883.41,311.44,549.5,0.0,22.47,407.42,0.6843736200739059,0.3954205761921375,0.522620239390642
2022-04-30,1.0545,129.7,0.9718,1.2574,7.0557,51.28,-53.7,-51.08,5.68,-339.27,270.0,-361.94,-269.42,-1779.19,,,,,,,,,,,,,0.14,8484.307,207.7757,191.14309692382807,221.9105529785156,184.41781616210935,41.1926245586504,24.3735,117.16879523809524,-0.089387,-0.087957,-0.030826905526485,0.83224222893086,3359.03,1767.74,987.49,741.32,14.52,24.4,1591.3,1570.58,635.69,627.5,0.0,1.74,6.44,934.89,1277.23,866.37,310.29,538.12,0.0,17.96,410.86,0.678319488267579,0.4047485642246813,0.5262650229381696
2022-05-31,1.0734,128.67,0.9595,1.2602,6.9306,55.03,-57.32,-53.24,9.06,-363.06,247.42,-361.0,-253.25,-1618.31,,,,,,,,,,,,,0.13,8490.733,207.7595,142.25848388671875,166.424560546875,140.13734436035156,63.2872122603462,29.313636363636363,119.69619047619048,-0.002113,5.3e-05,0.0091002495338292,1.0710815965829,3303.28,1754.47,989.6,732.62,9.09,23.17,1548.81,1547.45,638.4,631.48,0.0,0.00,6.92,909.05,1256.71,855.8,309.19,530.36,0.0,16.25,400.91,0.6809844753363942,0.4125496785033442,0.5311296650601826
2022-06-30,1.0484,135.72,0.9551,1.2178,7.0941,69.51,-89.69,-63.72,21.73,-480.66,289.23,-495.6,-286.05,-1933.97,,,,,,,,,,,,,0.16,7755.249,200.4458,130.7073211669922,160.72695922851562,114.81468963623048,74.5108202669431,28.23318181818182,120.02570952380954,-0.083997,-0.08392,-0.0093408698623634,1.7018693177181,3171.5,1710.67,971.93,704.55,10.08,24.12,1460.83,1492.49,635.32,625.3,0.0,0.00,10.02,857.17,1208.92,832.18,296.0,522.07,0.0,14.1,376.74,0.6883664758627535,0.4256778939892395,0.5393883020652688
2022-07-31,1.022,133.27,0.9524,1.2171,7.2823,67.45,-100.08,-67.35,26.78,-487.0,275.79,-482.45,-278.7,-1989.53,,,,,,,,,,,,,0.1,8370.987,204.1786,117.17676544189452,141.24293518066406,97.83872985839844,67.0362253448498,24.995238095238093,122.7512,0.090351,0.091116,0.0252921602552,2.3514217021827,3372.27,1763.87,996.94,727.57,12.97,26.38,1608.4,1579.17,656.07,646.1,0.0,0.00,9.97,923.1,1305.55,859.86,301.94,541.51,0.0,16.41,445.69,0.658618972846693,0.4154524212086096,0.5230512384832768
2022-08-31,1.0054,138.96,0.9775,1.1622,7.3978,61.86,-115.5,-74.04,19.78,-461.66,232.04,-579.5,-298.01,-1736.13,,,,,,,,,,,,,0.15,8021.014,195.4877,132.86322021484375,159.38302612304688,111.15857696533205,65.8574380165289,22.169565217391305,122.31775217391304,-0.036233,-0.04244,-0.035549856245869,2.769749031111,3294.31,1770.86,1005.86,727.52,13.77,23.7,1523.45,1524.83,643.66,636.48,0.0,0.00,7.18,881.17,1287.7,873.45,318.93,538.0,0.0,16.52,414.25,0.6783023996272424,0.4221191870569178,0.5375511108547768
2022-09-30,0.9802,144.74,0.987,1.117,7.5867,75.54,-159.79,-97.74,16.9,-587.93,236.7,-685.79,-342.1,-1890.08,,,,,,,,,,,,,0.21,7275.382,185.2683,131.98587036132812,170.31179809570312,108.6280746459961,48.5060147458284,27.34181818181818,125.5946,-0.091323,-0.093396,-0.038265930635754,3.2983765322433,3077.76,1692.31,987.37,673.85,8.92,22.17,1385.45,1421.42,629.92,622.18,0.0,0.00,7.74,791.5,1225.44,836.07,314.91,506.74,0.0,14.43,389.36,0.6822610654132394,0.4431624713314853,0.5498511904761905
2022-10-31,0.9882,148.71,1.0013,1.1469,7.533,75.31,-181.03,-110.38,35.64,-603.06,261.13,-766.56,-411.4,-2129.29,,,,,,,,,,,,,0.21,7797.848,183.9951,143.16241455078125,185.2843017578125,112.6750259399414,46.5525918470055,30.005714285714287,127.480605,0.077394,0.079863,-0.0064097444629745,4.0380146575404,3122.52,1677.28,975.04,670.3,10.75,21.19,1445.24,1435.65,614.22,606.59,0.0,0.00,7.63,821.42,1262.2,845.7,320.07,512.06,0.0,13.57,416.5,0.670020598954207,0.4278340821230801,0.5371558869118532
2022-11-30,1.0406,138.07,0.9457,1.2058,7.1469,71.93,-165.35,-102.98,32.05,-547.0,257.99,-697.13,-385.16,-2000.12,,,,,,,,,,,,,0.25,8340.036,192.8156,116.7162857055664,143.0465545654297,98.68260955810548,49.3046776232616,23.29909090909091,124.85272,0.052354,0.053753,0.032023204882103,4.2244956121852,3242.94,1731.65,979.49,711.06,18.22,22.88,1511.29,1524.29,617.44,609.6,0.0,0.00,7.84,906.84,1268.14,887.66,320.09,552.53,0.0,15.04,380.47,0.6999700348541958,0.4050672772241503,0.533975343361271
2022-12-31,1.0705,131.12,0.9245,1.2083,6.9473,67.09,-161.37,-90.35,26.91,-483.58,216.68,-663.4,-335.67,-1589.77,,,,,,,,,,,,,0.43,7985.857,194.1942,111.19593811035156,119.1385269165039,109.772216796875,48.7704354993817,21.78428571428572,122.23432857142858,-0.05712,-0.058972,-0.013145208668742,4.3525790015011,3135.86,1756.92,985.67,730.59,16.48,24.18,1378.94,1493.99,621.12,611.84,0.0,0.00,9.28,872.88,1197.87,907.03,322.62,569.51,0.0,14.9,290.83,0.7572023675357092,0.4157457546569924,0.5602673588744396
2023-01-31,1.0863,130.09,0.9162,1.232,6.8477,59.48,-159.83,-86.18,23.45,-421.0,203.05,-659.19,-331.85,-1463.32,,,,,,,,,,,,,0.33,8550.905,200.1751,104.2670440673828,113.02135467529295,94.62993621826172,52.7380436353128,20.16904761904762,119.810065,0.071823,0.061753,0.027446472688157,4.6553142817458,3311.35,1810.21,999.14,765.69,21.04,24.34,1501.14,1573.97,619.3,609.92,0.0,0.00,9.38,954.68,1244.19,947.47,331.64,600.87,0.0,14.96,296.72,0.7615155241562783,0.3934636619503548,0.5466682772887191
2023-02-28,1.0576,136.17,0.9422,1.2022,7.0381,56.27,-179.16,-92.23,21.58,-438.96,208.5,-751.84,-361.49,-1619.19,,,,,,,,,,,,,0.32,8345.354,193.0421,120.99437713623048,147.05015563964844,103.02875518798828,43.6817472698908,20.1205,120.30837368421054,-0.024666,-0.026113,-0.027380514264635,4.7630298736032,3297.07,1793.22,980.62,769.42,18.77,24.4,1503.84,1567.31,619.49,610.62,0.0,0.00,8.88,947.82,1246.39,931.79,314.01,602.26,0.0,15.53,314.6,0.7475910429319875,0.3952568413396201,0.5438829020918573
2023-03-31,1.0839,132.86,0.9153,1.2337,6.8715,56.03,-177.84,-89.75,21.87,-415.38,174.4,-671.6,-287.51,-1329.95,,,,,,,,,,,,,0.23,8603.223,200.1739,105.37997436523438,125.08584594726562,86.75404357910156,65.4413812308549,21.64434782608696,120.74501304347824,0.02395,0.035052,0.035105026585937,4.7370720578091,3305.13,1783.24,975.74,767.63,17.21,22.66,1521.89,1582.88,623.61,614.98,0.0,0.00,8.62,959.27,1238.86,924.66,307.34,603.28,0.0,14.04,314.2,0.7463797362090955,0.3939717477003942,0.5395370227494833
2023-04-30,1.1019,136.3,0.8946,1.2567,6.765,55.73,-188.77,-91.16,21.7,-407.05,171.32,-704.9,-298.33,-1295.34,,,,,,,,,,,,,0.18,8754.033,200.302,106.80965423583984,118.16682434082033,93.2484130859375,33.8933097553787,17.817894736842106,119.245145,0.008976,0.014642,0.0074116898990313,5.0397963088518,3300.11,1781.7,982.29,759.02,18.58,21.81,1518.41,1587.64,631.88,622.91,0.0,0.00,8.97,955.76,1232.46,918.06,306.72,598.5,0.0,12.84,314.4,0.7449004430164061,0.3979995464966869,0.539891094539273
2023-05-31,1.0689,139.34,0.9107,1.2441,6.9671,57.07,-205.18,-95.74,19.93,-439.14,193.87,-759.97,-332.82,-1479.37,,,,,,,,,,,,,0.19,8666.638,195.9056,108.46768188476562,122.47150421142578,92.75943756103516,59.6559378468368,17.63608695652174,119.62925454545456,0.000709,0.002482,-0.012323136728604,5.2605682918059,3330.21,1783.67,978.44,765.26,19.87,20.1,1546.54,1588.86,643.87,635.94,0.0,0.00,7.93,944.99,1270.82,905.8,292.68,600.96,0.0,12.17,365.02,0.7127681339607498,0.4052402351371423,0.5356028598797073
2023-06-30,1.0909,144.31,0.8956,1.2703,6.8243,50.26,-205.19,-86.27,2.24,-387.0,195.24,-819.54,-330.96,-1469.4,,,,,,,,,,,,,0.18,9190.777,195.2959,110.52894592285156,129.40652465820312,95.2789077758789,52.330449344125,14.003181818181815,119.29695238095238,0.066183,0.064728,-0.013959587051584,5.2528649201559,3359.13,1799.02,988.1,771.27,18.55,21.09,1560.12,1599.59,644.34,635.41,0.0,0.00,8.93,955.25,1286.36,920.63,302.5,605.97,0.0,12.16,365.73,0.7156861220809105,0.4028157215286417,0.5355612911676535
2023-07-31,1.0997,142.29,0.8719,1.2835,6.7767,49.49,-203.45,-85.19,2.57,-369.18,199.4,-797.61,-325.72,-1453.26,,,,,,,,,,,,,0.24,9499.521,196.4724,107.44878387451172,123.80915069580078,91.76800537109376,63.2955414898796,13.932380952380951,118.049165,0.035618,0.031139,-0.0015049965237669,5.356378018115,3433.48,1843.47,1007.76,798.09,17.27,20.35,1590.01,1635.09,652.71,643.75,0.0,0.00,8.96,982.39,1311.3,959.36,313.86,634.11,0.0,11.39,351.94,0.7316098528178144,0.3991890354659377,0.5369100737444226
2023-08-31,1.0843,145.54,0.8834,1.2673,6.873,47.77,-210.0,-85.72,1.85,-361.89,200.36,-818.05,-335.25,-1491.5,,,,,,,,,,,,,0.3,9272.618,193.2694,101.14118194580078,117.60943603515624,83.60504913330078,59.9659284497444,15.85391304347826,119.85634782608696,-0.020608,-0.017716,-0.0036396224738273,5.415069918861,3402.82,1828.9,995.87,795.75,19.22,18.07,1573.91,1622.4,645.09,638.2,0.0,0.00,6.89,977.31,1311.24,949.33,305.44,632.71,0.0,11.18,361.91,0.7239940819377079,0.3976146449704142,0.5374659840955442
2023-09-30,1.0573,149.37,0.9153,1.2199,7.0528,48.46,-230.59,-96.2,8.87,-390.34,184.15,-847.72,-354.45,-1463.07,,,,,,,,,,,,,0.39,8872.612,187.1461,98.6348114013672,125.65179443359376,68.4659194946289,63.6042402826855,15.173333333333332,121.64553,-0.047391,-0.048719,-0.020460951934294,5.4172352594707,3363.49,1830.5,979.1,814.29,19.74,17.37,1532.99,1600.7,654.03,646.67,0.0,0.00,7.36,946.67,1304.94,940.9,283.74,647.15,0.0,10.01,364.03,0.7210293193556792,0.4085899918785531,0.5442263839048131
2023-10-31,1.0575,151.68,0.9104,1.2153,7.0579,46.19,-229.51,-94.43,9.03,-368.77,193.87,-859.4,-363.28,-1498.19,,,,,,,,,,,,,0.49,8615.166,184.841,197.8870086669922,205.04005432128903,221.80393981933597,44.4594139440889,18.887727272727272,123.4971476190476,-0.028865,-0.02198,-0.013989165303888,5.4561788173545,3318.1,1840.46,998.67,806.99,17.51,17.28,1477.64,1590.69,688.01,680.12,0.0,0.00,7.89,902.68,1284.65,920.27,270.95,639.93,0.0,9.39,364.38,0.7163585412369127,0.4325229931664874,0.5546728549471083
2023-11-30,1.0888,148.2,0.8752,1.2624,6.847,43.26,-213.6,-86.24,8.19,-334.23,177.9,-782.64,-322.99,-1325.0,,,,,,,,,,,,,0.37,9422.856,193.9728,156.69613647460938,143.49435424804688,189.5543975830078,40.9482758620689,14.01909090909091,121.22212,0.092053,0.089179,0.03910627900947,5.3431394831415,3461.23,1891.84,1007.11,850.03,16.67,18.03,1569.39,1660.57,681.8,675.06,0.0,0.00,6.75,978.77,1339.77,974.67,283.77,679.61,0.0,11.28,365.1,0.7274905394209453,0.4105819086217383,0.5465802619300075
2023-12-31,1.1039,141.04,0.8414,1.2731,6.7535,40.57,-199.21,-78.54,5.51,-313.98,178.14,-705.19,-288.47,-1318.8,,,,,,,,,,,,,0.35,9885.464,202.3103,142.2794647216797,136.1783905029297,173.96380615234375,65.3073071620346,12.7185,119.83314,0.053604,0.044229,0.030553210318858,5.2965192943417,3593.14,1889.22,986.0,869.89,13.55,19.78,1703.92,1746.1,662.63,655.47,0.0,0.00,7.16,1083.47,1368.34,996.94,284.2,700.11,0.0,12.62,371.41,0.7285762310536855,0.3794914380619666,0.5257852463305076
2024-01-31,1.0818,146.92,0.8614,1.2688,6.8909,41.61,-205.46,-83.23,8.02,-324.83,174.5,-725.03,-302.5,-1319.75,,,,,,,,,,,,,0.38,10004.09,198.5344,160.3736572265625,140.83609008789062,208.4711456298828,69.6039035591274,13.388636363636364,120.22735714285714,0.00756,0.015896,0.0039264200613528,5.3067915947325,3632.38,1893.77,995.43,858.85,20.19,19.31,1738.6,1732.96,667.93,654.39,0.0,0.00,13.54,1065.03,1414.73,983.77,294.86,683.15,0.0,5.76,430.96,0.6953765029369562,0.3854272458683408,0.5213578975767954
2024-02-29,1.0805,149.98,0.8845,1.2625,6.8984,40.57,-211.5,-87.28,6.52,-326.26,175.14,-766.7,-339.47,-1339.2,,,,,,,,,,,,,0.41,10428.244,195.9522,146.59817504882812,140.2446746826172,171.18118286132812,62.5763125763125,13.980476190476187,121.06594,0.050583,0.051721,-0.01967901254863,5.3354334157743,3690.28,1924.11,1011.14,870.14,22.5,20.33,1766.17,1742.47,679.26,668.31,0.0,0.00,10.95,1063.21,1459.01,999.08,296.33,693.36,0.0,9.38,459.94,0.684765697287887,0.3898259367449654,0.5213994602035618
2024-03-31,1.079,151.35,0.9014,1.2623,6.9116,40.32,-207.75,-90.47,6.03,-320.77,182.84,-761.79,-352.46,-1383.6,,,,,,,,,,,,,0.42,10763.354,196.4636,133.21316528320312,121.53968048095705,151.81399536132812,82.1898725360451,13.7875,120.65883333333332,0.03245,0.031019,0.0064131752526986,5.3251588895824,3769.27,1932.85,1002.26,881.72,29.97,18.9,1836.42,1764.31,676.23,664.31,0.0,0.00,11.92,1088.07,1509.45,997.3,291.11,699.21,0.0,6.98,512.15,0.660704230017556,0.3832829831492198,0.5127916015568001
2024-04-30,1.0666,157.8,0.9194,1.2492,6.9931,43.68,-217.85,-97.85,6.51,-345.47,195.09,-820.65,-381.87,-1483.32,,,,,,,,,,,,,0.53,10363.552,190.9873,163.9473419189453,170.697998046875,165.99069213867188,90.9742120343839,16.137727272727275,122.14281363636364,-0.042724,-0.041615,-0.024216583431792,5.3791030885599,3718.17,1954.93,1018.39,881.78,36.18,18.59,1763.24,1737.63,693.42,681.59,0.0,0.00,11.82,1044.21,1494.24,999.09,286.18,706.14,0.0,6.76,495.15,0.6686275297141022,0.3990607896963104,0.5257774657963461
2024-05-31,1.0848,157.31,0.9023,1.2742,6.8762,45.54,-215.7,-93.88,6.14,-357.53,187.71,-790.43,-353.73,-1416.6,,,,,,,,,,,,,0.62,10826.306,192.7576,130.52186584472656,131.44712829589844,133.154296875,94.4772490448072,13.058695652173911,121.8583409090909,0.046552,0.048021,0.015081633036423,5.355588575078,3750.84,1956.47,1014.61,889.68,31.25,20.92,1794.37,1745.33,684.02,671.72,0.0,0.00,12.30,1061.31,1502.18,1006.73,293.07,705.03,0.0,8.62,495.45,0.67017933936013,0.3919144230603955,0.5216084930308944
2024-06-30,1.0713,160.88,0.8988,1.2645,6.9607,47.26,-221.93,-98.18,8.51,-372.78,193.07,-803.45,-370.3,-1462.0,,,,,,,,,,,,,0.59,11046.598,192.4899,113.0927963256836,125.71302795410156,109.73841094970705,89.0557150217119,12.667,123.7094789473684,0.026073,0.03467,0.010629037090791,5.3247687465143,3820.89,1970.08,1010.69,901.92,36.73,20.73,1850.81,1768.99,679.57,666.21,0.0,0.00,13.36,1089.42,1539.81,1016.3,293.08,715.85,0.0,7.37,523.51,0.6600164955416578,0.3841570613740044,0.5156076202141386
2024-07-31,1.0826,149.98,0.878,1.2856,6.8932,47.92,-205.46,-94.77,8.82,-371.99,180.6,-675.3,-336.81,-1358.54,,,,,,,,,,,,,0.66,11241.266,198.6166,92.3948745727539,95.1602783203125,95.11029815673828,101.36624063464,14.373913043478264,123.38243636363636,0.019877,0.011321,0.028862026099522,5.2400262925584,3866.32,1980.78,1015.98,908.17,33.87,22.76,1885.54,1788.94,685.21,671.44,0.0,0.00,13.77,1103.73,1552.15,1015.79,291.18,715.62,0.0,8.99,536.36,0.6544406146313178,0.3830257023712366,0.5123166214902025
2024-08-31,1.1048,146.17,0.8496,1.3127,6.7525,44.63,-183.71,-89.64,6.57,-339.41,156.15,-604.52,-306.97,-1178.0,,,,,,,,,,,,,0.57,11538.378,203.8245,140.97506713867188,124.80498504638672,165.17947387695312,98.1404958677685,19.312272727272727,122.61374090909092,0.02157,0.022835,0.01253583203363,5.0735151772961,3876.63,1968.63,1010.2,907.27,23.15,28.01,1908.0,1790.48,675.54,660.74,0.0,0.00,14.80,1114.94,1544.12,1025.28,297.86,714.22,0.0,13.21,518.83,0.6639898453488071,0.3772954738394173,0.5078199363880483
2024-09-30,1.1135,143.63,0.8456,1.3375,6.6947,41.94,-182.45,-86.36,-3.38,-318.38,156.85,-543.46,-286.35,-1160.92,,,,,,,,,,,,,0.58,11749.691,207.5101,130.35877990722656,134.03704833984375,135.5546112060547,128.640601286406,17.663333333333334,121.884855,0.02097,0.020197,0.011598114127773,4.5433993547676,3925.68,1991.67,1011.78,927.73,28.15,24.02,1934.01,1815.22,664.86,654.97,0.0,0.00,9.88,1150.36,1560.44,1053.79,302.54,737.12,0.0,14.13,506.65,0.6753159365307221,0.3662696532651689,0.5073439506021887
2024-10-31,1.0884,152.03,0.8641,1.2899,6.8532,43.69,-182.8,-88.93,-3.67,-341.21,195.79,-613.9,-331.04,-1435.78,,,,,,,,,,,,,0.63,11516.614,199.4622,130.689208984375,128.40969848632812,142.81838989257812,147.926889979375,19.960869565217397,123.5952909090909,-0.008299,-0.009897,-0.028498467694144,4.4711093164381,3966.36,2009.88,1010.98,943.44,35.66,19.8,1956.49,1824.86,665.36,656.01,0.0,0.00,9.35,1159.5,1597.81,1071.82,308.25,753.13,0.0,10.45,525.99,0.6708056652543168,0.3646087919073244,0.5067316128641879
2024-11-30,1.0577,149.77,0.881,1.2735,7.0512,44.15,-167.31,-90.59,-3.2,-361.0,226.49,-588.9,-359.25,-1700.0,,,,,,,,,,,,,0.77,12045.072,200.0637,128.90164184570312,139.14866638183594,127.42887115478516,373.312152501985,16.015238095238097,126.31133684210526,0.064859,0.057301,0.0093499085087411,4.3094958417256,4169.97,2063.54,1042.75,955.91,47.43,17.45,2106.43,1897.83,697.93,688.67,0.0,0.00,9.26,1199.9,1721.92,1080.21,308.36,763.65,0.0,8.19,641.71,0.6273287957628694,0.3677515899738122,0.4948572771506749
2024-12-31,1.0354,157.2,0.9074,1.2516,7.2029,42.4,-164.94,-92.48,-8.59,-367.28,213.3,-613.08,-377.71,-1704.97,,,,,,,,,,,,,0.77,11731.17,195.0714,142.36643981933594,128.26246643066406,164.81373596191406,247.675599656223,15.866190476190477,127.57578095238097,-0.031581,-0.02499,-0.016905723244146,4.1428554868368,4126.08,2082.67,1057.16,961.86,48.1,15.54,2043.41,1870.0,723.34,714.97,0.0,..,..,1146.66,1707.68,1069.59,297.78,763.85,0.0,7.96,638.09,0.6263410006558605,0.3868128342245989,0.5047575422677214
2025-01-31,1.0362,155.19,0.9109,1.2395,7.2007,46.54,-161.3,-93.51,-3.49,-388.49,211.91,-587.2,-371.3,-1676.48,,,,,,,,,,,,,0.88,12145.147,196.1961,113.233154296875,117.08644104003906,109.50493621826172,360.891445003594,16.763636363636365,128.83695238095237,0.032292,0.027016,0.0063707249589081,4.1231889925389,4153.0,2080.47,1070.89,951.11,41.03,17.43,2072.53,1866.15,725.72,717.53,0.0,0.00,8.19,1140.42,1729.48,1067.98,307.5,751.24,0.0,9.24,661.49,0.617515091241298,0.3888862095758647,0.500955935468336
2025-02-28,1.0375,150.63,0.9031,1.2577,7.1874,51.21,-155.55,-96.18,-2.15,-407.01,209.85,-547.0,-360.78,-1637.66,,,,,,,,,,,,,0.95,12057.736,198.9128,136.9805908203125,138.7676544189453,140.7871551513672,469.771571555412,16.968,127.87583157894736,-0.017566,-0.014242,0.023135563532662,4.1349467271332,4158.09,2062.57,1054.74,943.13,41.11,23.59,2095.52,1883.02,707.93,694.87,0.0,0.00,13.05,1175.09,1700.09,1063.78,309.99,743.26,0.0,10.53,636.32,0.6257198148333324,0.3759545835944387,0.4960378442987044
2025-03-31,1.0816,149.96,0.8843,1.2918,6.8977,55.52,-151.14,-94.46,-1.01,-409.0,213.3,-530.03,-347.15,-1578.54,,,,,,,,,,,,,1.01,11520.919,200.1257,175.901123046875,195.67752075195312,159.82244873046875,603.077776237349,21.841428571428573,126.24304285714284,-0.055123,-0.057545,0.0052105142933843,4.2168274280869,4005.78,2075.24,1070.12,954.39,31.36,19.37,1930.54,1869.47,731.87,723.88,0.0,0.00,7.99,1137.6,1572.88,1066.85,299.1,756.38,0.0,11.38,506.03,0.678278063170744,0.3914852872739332,0.5180614012751573
2025-04-30,1.1328,143.07,0.8258,1.3329,6.59,65.17,-148.38,-91.85,4.7,-436.0,234.24,-493.8,-326.17,-1540.5,,,,,,,,,,,,,0.76,11623.306,207.4164,141.1845245361328,159.26712036132812,132.4676055908203,1151.35558243791,31.966190476190476,124.1402,-0.00361,-0.007625,0.012502780653467,4.2101116076013,3965.51,2097.38,1066.0,987.12,25.57,18.68,1868.13,1920.18,731.76,724.82,0.0,0.00,6.94,1188.42,1491.42,1106.47,295.31,799.42,0.0,11.75,384.94,0.7418902790629065,0.3810892728806674,0.5289054875665425
2025-05-31,1.1347,144.02,0.8224,1.3459,6.5736,69.41,-148.45,-94.51,5.7,-444.06,264.8,-526.96,-357.25,-1705.07,,,,,,,,,,,,,0.86,12311.311,206.1445,167.42288208007812,206.15826416015625,149.22117614746094,723.132241310427,20.46227272727273,122.3421619047619,0.061267,0.061524,-0.0096878572416621,4.1722764544378,4149.85,2157.97,1067.61,1038.35,26.33,25.69,1991.88,1967.7,719.17,711.85,0.0,0.00,7.32,1248.53,1580.74,1162.58,306.92,837.29,0.0,18.37,418.16,0.7354656679782886,0.3654876251461096,0.5200115666831331
2025-06-30,1.1787,144.03,0.7931,1.3732,6.3295,71.62,-147.25,-90.18,8.18,-431.82,248.35,-500.88,-323.1,-1498.01,,,,,,,,,,,,,0.86,12842.581,209.7866,222.58563232421875,288.1604919433594,183.7299652099609,472.512178148921,18.403333333333336,120.59387,0.049246,0.049607,0.014147859666341,4.2405207490669,4157.56,2179.77,1083.91,1042.2,25.05,28.62,1977.78,1966.07,723.19,715.27,0.0,0.00,7.92,1242.89,1595.5,1174.55,319.54,834.31,0.0,20.71,420.95,0.7361642118458164,0.3678353263108638,0.5242906897314771
2025-07-31,1.1415,150.75,0.8123,1.3207,6.5392,69.38,-152.76,-92.65,11.39,-454.96,257.1,-544.78,-343.79,-1663.26,,,,,,,,,,,,,0.95,13007.899,205.5383,134.64071655273438,156.7975311279297,119.74867248535156,554.85,16.381304347826084,120.11269090909092,0.019791,0.021667,-0.0048121173017396,4.2687684454524,4238.91,2191.87,1092.1,1042.17,28.02,29.58,2047.04,1956.34,719.17,710.92,0.0,0.00,8.25,1237.17,1667.46,1178.05,330.48,826.23,0.0,21.33,489.42,0.7064937089945186,0.3676099246552235,0.517083401157373
2025-08-31,1.1686,147.05,0.8005,1.3504,6.3877,65.62,-140.79,-86.92,7.09,-415.45,226.8,-479.55,-312.0,-1433.82,,,,,,,,,,,,,1.01,13347.216,208.4343,138.98846435546875,160.41519165039062,121.7310562133789,575.84,15.75,120.57584285714286,0.024123,0.019066,0.016080979224287,3.9382412465478,4234.49,2183.62,1080.36,1044.22,29.87,29.17,2050.87,1950.2,709.17,700.96,0.0,0.00,8.21,1241.03,1660.67,1175.72,329.04,825.72,0.0,20.97,484.95,0.7079793095557817,0.3636396267049533,0.5156748510446358
2025-09-30,1.1734,147.9,0.7964,1.3446,6.3617,62.05,-140.95,-87.5,0.5,-391.93,206.5,-451.7,-301.0,-1311.57,,,,,,,,,,,,,1.12,13776.274,209.3003,125.86952209472656,141.8061065673828,114.78914642333984,465.310904678215,15.789090909090907,120.0290619047619,0.035626,0.035324,0.0038348545178246,3.8676831606952,4350.81,2251.84,1097.1,1093.11,30.87,30.76,2098.97,2008.88,718.86,709.75,0.0,0.00,9.11,1290.02,1699.79,1224.22,332.02,870.55,0.0,21.65,475.58,0.7202183799175192,0.3578411851379873,0.5175679930863448
2025-10-31,1.1537,153.99,0.8046,1.3152,6.4728,58.29,-139.48,-85.08,-0.11,-383.25,200.4,-465.51,-303.2,-1313.0,,,,,,,,,,,,,1.09,14052.148,208.145,153.4799346923828,166.6230010986328,151.14178466796875,426.213747796827,18.08652173913044,120.7618,0.019284,0.022687,0.0059200013054241,3.6669811353085,4527.23,2329.32,1127.69,1129.97,39.96,31.7,2197.91,2088.33,735.53,726.19,0.0,0.00,9.35,1352.79,1771.6,1265.27,342.95,899.96,0.0,22.36,506.33,0.714196206818695,0.3522096603506151,0.5145132895832552
2025-11-30,1.1598,156.18,0.804,1.3235,6.4392,53.99,-132.32,-80.9,-0.74,-359.23,188.7,-455.87,-294.9,-1235.05,,,,,,,,,,,,,1.16,14091.842,208.1305,103.939208984375,118.0085678100586,88.70289611816406,342.788766101217,19.7695,121.41771666666666,0.001997,0.0013,0.0090234155589546,3.6574868978146,4535.78,2342.58,1138.92,1127.87,46.61,29.18,2193.2,2096.44,754.52,745.67,0.0,0.00,8.86,1341.92,1772.8,1253.94,336.42,897.2,0.0,20.32,518.86,0.7073217509025271,0.3599053633779168,0.516466848039367
2025-12-31,1.1746,156.71,0.7926,1.3475,6.3591,50.56,-121.9,-76.22,-3.43,-337.63,173.3,-427.76,-279.4,-1126.59,,,,,,,,,,,,,1.37,14205.752,208.3793,132.48622131347656,146.3589324951172,123.5346221923828,308.280990542199,15.54818181818182,120.18832272727272,0.001297,-0.000524,-0.0047650977965963,3.48670593098,4460.29,2292.26,1159.07,1073.23,29.5,30.45,2168.04,2049.77,767.77,758.94,0.0,0.00,8.83,1282.0,1726.58,1246.91,345.71,879.58,0.0,21.62,479.67,0.7221848973114482,0.3745639754704186,0.5139262245280016
2026-01-31,1.1851,154.78,0.773,1.3686,6.3026,50.09,-121.6,-74.1,-1.8,-321.83,182.55,-410.51,-281.9,-1148.48,,,,,,,,,,,,,1.44,14523.663,210.1951,168.62986755371094,220.17141723632807,100.22209930419922,410.757946210268,16.17904761904762,119.22981,,,,,4507.99,2298.28,1166.24,1074.89,26.08,31.07,2209.71,2080.03,778.92,770.59,0.0,0.00,8.32,1301.12,1719.7,1246.8,341.94,882.12,0.0,22.74,472.9,0.725010176193522,0.3744753681437286,0.5098236686416785
2026-02-28,1.1812,156.05,0.7693,1.3482,6.3251,51.65,-119.9,-75.71,4.22,-328.39,179.63,-403.36,-277.5,-1140.0,,,,,,,,,,,,,1.4,14630.05,212.6656,119.86540985107422,156.00601196289062,81.2406234741211,383.968181122839,19.207,117.90602105263156,,,,,4574.81,2276.63,1156.03,1054.73,35.95,29.91,2298.19,2077.7,769.81,761.44,0.0,0.00,8.37,1307.89,1738.76,1221.87,340.42,859.92,0.0,21.53,516.9,0.7027249304101774,0.3705106608268759,0.4976447109278855
2026-03-31,1.1553,158.72,0.7995,1.3227,6.4667,47.43,-120.24,-78.93,-4.18,-320.33,151.26,-448.65,-298.67,-1034.79,,,,,,,,,,,,,1.59,13698.189,205.3992,330.17681884765625,319.2039794921875,450.3603515625,269.0760404,25.596818181818183,119.91985454545456,,,,,4372.27,2215.6,1142.96,1001.86,43.05,27.74,2156.67,1969.64,765.64,756.9,0.0,0.00,8.74,1204.0,1705.15,1159.99,331.26,809.73,0.0,19.0,545.16,0.6802861918306307,0.3887207814626022,0.5067390623177433
2026-04-30,1.1731,156.59,0.7814,1.3604,6.3703,47.3,-118.85,-76.68,-4.71,-312.83,146.77,-440.6,-290.48,-974.18,,,,,,,,,,,,,1.62,15012.098,207.9664,250.28366088867188,268.60107421875,305.9411926269531,197.286446075038,19.811904761904763,119.03631818181816,,,,,4600.17,2282.79,1153.47,1057.52,41.74,30.06,2317.38,2037.12,766.07,757.7,0.0,0.00,8.37,1271.04,1813.46,1231.77,350.37,859.72,0.0,21.68,581.69,0.6792374797348715,0.3760554115614201,0.4962403563346572
2026-05-31,1.1659,159.27,0.781,1.3456,6.409,44.64,-117.72,-76.54,-2.98,-307.87,166.76,-456.51,-301.2,-1124.64,,,,,,,,,,,,,1.63,15695.465,208.2543,203.5819854736328,233.49290466308597,215.2461395263672,200.028074115665,17.237142857142857,118.779185,,,,,4774.64,2348.23,1177.21,1089.21,50.85,30.95,2426.41,2115.21,793.57,779.58,0.0,..,..,1321.63,1887.53,1252.97,351.86,879.77,0.0,21.34,634.56,0.6638146148670485,0.375173150656436,0.491812995325302
2026-06-30,1.1422,162.55,0.8084,1.3262,6.5441,43.94,-120.36,-81.42,0.18,-316.9,187.02,-485.6,-329.83,-1274.55,,,,,,,,,,,,,1.67,15582.843,206.4442,179.9416961669922,214.94244384765625,184.83316040039065,187.328222190076,17.90681818181818,120.08344761904762,,,,,4804.59,2369.27,1210.62,1066.31,62.66,29.68,2435.32,2096.76,823.66,807.92,0.0,..,..,1273.1,1923.12,1234.94,355.9,859.92,0.0,19.12,688.18,0.6421544157410874,0.3928251206623552,0.4931263645805365
2026-07-31,1.1527,157.4,0.8075,1.3483,6.4861,42.06,-115.14,-81.31,0.46,-304.34,170.5,-458.3,-330.4,-1173.0,,,,,,,,,,,,,1.83,15662.811,205.8643,167.53224182128906,190.8947906494141,180.69992065429688,194.9068146251245,17.09086956521739,120.59704545454544,,,,,4789.8,2368.25,1210.62,1065.51,60.1,32.03,2421.55,2084.43,826.98,809.26,0.0,..,..,1257.45,1916.06,1231.3,354.02,857.03,0.0,20.25,684.76,0.6426207947559054,0.3967415552453189,0.4944360933650674
2026-08-31,1.1618,159.74,0.8084,1.3549,6.4341,41.06,-113.25,-82.21,1.75,-291.5,166.81,-446.2,-336.7,-1129.86,,,,,,,,,,,,,2.04,16066.436,206.5852,117.9188461303711,130.72189331054688,120.34859466552734,209.964412811387,15.229523809523808,118.865395,,,,,,,,,,,,,,,,,,,,,,,,,,,,
