month,TPU
2010-01-31,24.49080819667049
2010-02-28,18.8473365737526
2010-03-31,28.5566728438193
2010-04-30,25.48772813089994
2010-05-31,21.41069328427972
2010-06-30,27.38276752652706
2010-07-31,28.69440459110473
2010-08-31,29.78941961992809
2010-09-30,31.49555165919865
2010-10-31,31.01298860810022
2010-11-30,30.49285737960293
2010-12-31,32.20994100495016
2011-01-31,30.23888720895071
2011-02-28,24.95229707911346
2011-03-31,29.94775073276411
2011-04-30,31.69410080768838
2011-05-31,20.82213863514239
2011-06-30,29.77398836107728
2011-07-31,30.57254030016676
2011-08-31,30.83100308310031
2011-09-30,21.23505839641059
2011-10-31,36.76591274661064
2011-11-30,36.3832367605444
2011-12-31,30.96628897177845
2012-01-31,29.71968929415738
2012-02-29,23.25581395348837
2012-03-31,27.7136258660508
2012-04-30,21.94586686174104
2012-05-31,28.60195044625934
2012-06-30,20.71747900992258
2012-07-31,29.37078736303047
2012-08-31,20.96940529391543
2012-09-30,22.71006813020439
2012-10-31,27.77777777777778
2012-11-30,27.58863583000704
2012-12-31,25.8848686061561
2013-01-31,22.87262391188488
2013-02-28,28.59686002689241
2013-03-31,31.86307979425554
2013-04-30,11.2991236289478
2013-05-31,33.6477185827173
2013-06-30,26.86384551958933
2013-07-31,24.47206335239771
2013-08-31,20.34908715714655
2013-09-30,25.62994071146245
2013-10-31,33.37041156840935
2013-11-30,26.02608591599856
2013-12-31,21.48227712137486
2014-01-31,23.00868880748388
2014-02-28,26.79938744257274
2014-03-31,27.13312550513797
2014-04-30,24.47366869139588
2014-05-31,16.78380362949753
2014-06-30,27.61402420105491
2014-07-31,20.20860495436767
2014-08-31,22.24514797859307
2014-09-30,19.87130961392884
2014-10-31,21.01514841948571
2014-11-30,25.03009948672454
2014-12-31,28.69930643342786
2015-01-31,26.61276739093818
2015-02-28,25.19270539575108
2015-03-31,20.87313380032548
2015-04-30,21.36752136752137
2015-05-31,43.43984685613312
2015-06-30,44.50311144635112
2015-07-31,26.47870515402402
2015-08-31,35.42234332425068
2015-09-30,29.24724893064746
2015-10-31,53.25218714340053
2015-11-30,30.72078645213318
2015-12-31,31.82149292642718
2016-01-31,36.03343903142116
2016-02-29,32.20794967981509
2016-03-31,54.3267365153279
2016-04-30,46.85040811097691
2016-05-31,57.42132900154887
2016-06-30,74.69130472325361
2016-07-31,46.10794684024953
2016-08-31,43.67019509184981
2016-09-30,44.24597484534393
2016-10-31,50.46019699660908
2016-11-30,111.2968712682111
2016-12-31,105.8383380919563
2017-01-31,166.4209975750083
2017-02-28,122.7026173047554
2017-03-31,90.58218398652646
2017-04-30,97.09221270663214
2017-05-31,54.45591438583198
2017-06-30,60.11549749124302
2017-07-31,65.97735105859182
2017-08-31,54.82564457176726
2017-09-30,51.30418105101649
2017-10-31,47.73744405768275
2017-11-30,44.02949445652751
2017-12-31,46.75210384467301
2018-01-31,73.21468799279117
2018-02-28,57.02965542081883
2018-03-31,260.5556427562392
2018-04-30,174.2081447963801
2018-05-31,152.2499154167137
2018-06-30,228.6231679022127
2018-07-31,246.381805651275
2018-08-31,225.8288090562551
2018-09-30,150.1088575684657
2018-10-31,155.2070331578662
2018-11-30,144.8310304644581
2018-12-31,164.6457441749881
2019-01-31,141.7107734334984
2019-02-28,127.4717074990673
2019-03-31,94.09791773419668
2019-04-30,91.15902184922588
2019-05-31,189.7933361450865
2019-06-30,266.0045235519717
2019-07-31,145.1146457343524
2019-08-31,254.2201556656221
2019-09-30,136.9317333067769
2019-10-31,139.2663043478261
2019-11-30,119.8353566404418
2019-12-31,146.3152232383001
2020-01-31,139.6403359612511
2020-02-29,95.7377758546084
2020-03-31,61.23410268487989
2020-04-30,55.47850208044382
2020-05-31,66.5
2020-06-30,59.9
2020-07-31,57.4
2020-08-31,67.2
2020-09-30,67.8
2020-10-31,70.24901703800785
2020-11-30,69.8753423891777
2020-12-31,98.01160367261872
2021-01-31,75.4428165318171
2021-02-28,36.8550368550368
2021-03-31,46.8245425188374
2021-04-30,47.9506793012901
2021-05-31,49.2583573168031
2021-06-30,49.3487117690939
2021-07-31,57.2197913160552
2021-08-31,39.4601395402035
2021-09-30,51.5433023673958
2021-10-31,56.0620995564317
2021-11-30,48.4903342600375
2021-12-31,37.1166243406915
2022-01-31,46.6062754365235
2022-02-28,54.3041029766693
2022-03-31,53.6275658016396
2022-04-30,41.1926245586504
2022-05-31,63.2872122603462
2022-06-30,74.5108202669431
2022-07-31,67.0362253448498
2022-08-31,65.8574380165289
2022-09-30,48.5060147458284
2022-10-31,46.5525918470055
2022-11-30,49.3046776232616
2022-12-31,48.7704354993817
2023-01-31,52.7380436353128
2023-02-28,43.6817472698908
2023-03-31,65.4413812308549
2023-04-30,33.8933097553787
2023-05-31,59.6559378468368
2023-06-30,52.330449344125
2023-07-31,63.2955414898796
2023-08-31,59.9659284497444
2023-09-30,63.6042402826855
2023-10-31,44.4594139440889
2023-11-30,40.9482758620689
2023-12-31,65.3073071620346
2024-01-31,69.6039035591274
2024-02-29,62.5763125763125
2024-03-31,82.1898725360451
2024-04-30,90.9742120343839
2024-05-31,94.4772490448072
2024-06-30,89.0557150217119
2024-07-31,101.36624063464
2024-08-31,98.1404958677685
2024-09-30,128.640601286406
2024-10-31,147.926889979375
2024-11-30,373.312152501985
2024-12-31,247.675599656223
2025-01-31,360.891445003594
2025-02-28,469.771571555412
2025-03-31,603.077776237349
2025-04-30,1151.35558243791
2025-05-31,723.132241310427
2025-06-30,472.512178148921
2025-07-31,554.85
2025-08-31,575.84
2025-09-30,465.310904678215
2025-10-31,426.213747796827
2025-11-30,342.788766101217
2025-12-31,308.280990542199
2026-01-31,410.757946210268
2026-02-28,383.968181122839
2026-03-31,269.0760404
2026-04-30,197.286446075038
2026-05-31,200.028074115665
2026-06-30,187.328222190076
2026-07-31,194.9068146251245
2026-08-31,209.964412811387
