month,vwretd,sprtrn
2010-01-31,-0.037172,-0.036974
2010-02-28,0.034744,0.028514
2010-03-31,0.063668,0.058796
2010-04-30,0.020036,0.014759
2010-05-31,-0.07924,-0.081976
2010-06-30,-0.05078,-0.053882
2010-07-31,0.07036,0.068778
2010-08-31,-0.042863,-0.047449
2010-09-30,0.091628,0.087551
2010-10-31,0.038591,0.036856
2010-11-30,0.005117,-0.00229
2010-12-31,0.067182,0.0653
2011-01-31,0.019183,0.022646
2011-02-28,0.038156,0.031957
2011-03-31,0.003341,-0.001047
2011-04-30,0.028597,0.028495
2011-05-31,-0.014948,-0.013501
2011-06-30,-0.018447,-0.018258
2011-07-31,-0.022534,-0.021474
2011-08-31,-0.057564,-0.056791
2011-09-30,-0.084983,-0.071762
2011-10-31,0.114146,0.107723
2011-11-30,-0.00627,-0.005059
2011-12-31,0.003676,0.008533
2012-01-31,0.054106,0.043583
2012-02-29,0.041225,0.04059
2012-03-31,0.02402,0.031332
2012-04-30,-0.006829,-0.007497
2012-05-31,-0.06559,-0.062651
2012-06-30,0.038151,0.039555
2012-07-31,0.010307,0.012598
2012-08-31,0.026317,0.019763
2012-09-30,0.026513,0.024236
2012-10-31,-0.014055,-0.019789
2012-11-30,0.006217,0.002847
2012-12-31,0.012569,0.007068
2013-01-31,0.054142,0.050428
2013-02-28,0.008282,0.011061
2013-03-31,0.035295,0.035988
2013-04-30,0.014939,0.018086
2013-05-31,0.019128,0.020763
2013-06-30,-0.015072,-0.014999
2013-07-31,0.052658,0.049462
2013-08-31,-0.02575,-0.031298
2013-09-30,0.037497,0.02975
2013-10-31,0.039889,0.044596
2013-11-30,0.024956,0.02805
2013-12-31,0.02614,0.023563
2014-01-31,-0.03002,-0.035583
2014-02-28,0.046198,0.043117
2014-03-31,0.00454,0.006932
2014-04-30,0.001573,0.006201
2014-05-31,0.020254,0.02103
2014-06-30,0.027973,0.019058
2014-07-31,-0.020555,-0.01508
2014-08-31,0.040205,0.037655
2014-09-30,-0.025196,-0.015514
2014-10-31,0.021164,0.023202
2014-11-30,0.021104,0.024534
2014-12-31,-0.003659,-0.004189
2015-01-31,-0.027163,-0.031041
2015-02-28,0.055915,0.054893
2015-03-31,-0.010397,-0.017396
2015-04-30,0.008766,0.008521
2015-05-31,0.010278,0.010491
2015-06-30,-0.019231,-0.021012
2015-07-31,0.012108,0.019742
2015-08-31,-0.059927,-0.062581
2015-09-30,-0.033756,-0.026443
2015-10-31,0.073937,0.082983
2015-11-30,0.002404,0.000505
2015-12-31,-0.022209,-0.01753
2016-01-31,-0.057085,-0.050735
2016-02-29,0.00062,-0.004128
2016-03-31,0.070491,0.065991
2016-04-30,0.011718,0.002699
2016-05-31,0.01434,0.015329
2016-06-30,0.002947,0.000906
2016-07-31,0.038815,0.03561
2016-08-31,0.0028,-0.001219
2016-09-30,0.003013,-0.001234
2016-10-31,-0.021544,-0.019426
2016-11-30,0.040488,0.034175
2016-12-31,0.018763,0.018201
2017-01-31,0.022153,0.017884
2017-02-28,0.032598,0.037198
2017-03-31,0.002062,-0.000389
2017-04-30,0.009655,0.009091
2017-05-31,0.009335,0.011576
2017-06-30,0.009571,0.004814
2017-07-31,0.020278,0.019349
2017-08-31,0.0016,0.000546
2017-09-30,0.023729,0.019303
2017-10-31,0.019275,0.022188
2017-11-30,0.027231,0.028083
2017-12-31,0.012122,0.009832
2018-01-31,0.050577,0.056179
2018-02-28,-0.039454,-0.038947
2018-03-31,-0.018421,-0.026885
2018-04-30,0.004679,0.002719
2018-05-31,0.026146,0.021608
2018-06-30,0.005359,0.004842
2018-07-31,0.031573,0.036022
2018-08-31,0.030226,0.030263
2018-09-30,0.000425,0.004294
2018-10-31,-0.074045,-0.069403
2018-11-30,0.018512,0.017859
2018-12-31,-0.08989,-0.091777
2019-01-31,0.088294,0.078684
2019-02-28,0.032724,0.029729
2019-03-31,0.012962,0.017924
2019-04-30,0.037893,0.039314
2019-05-31,-0.061679,-0.065778
2019-06-30,0.067279,0.06893
2019-07-31,0.011854,0.013128
2019-08-31,-0.020339,-0.018092
2019-09-30,0.016033,0.017181
2019-10-31,0.019257,0.020432
2019-11-30,0.034999,0.034047
2019-12-31,0.028489,0.02859
2020-01-31,-0.001728,-0.001628
2020-02-29,-0.077918,-0.084111
2020-03-31,-0.141733,-0.125119
2020-04-30,0.129674,0.126844
2020-05-31,0.053739,0.045282
2020-06-30,0.025299,0.018388
2020-07-31,0.055532,0.055101
2020-08-31,0.068442,0.070065
2020-09-30,-0.035056,-0.039228
2020-10-31,-0.020178,-0.027666
2020-11-30,0.123707,0.107546
2020-12-31,0.045048,0.037122
2021-01-31,-0.000631,-0.011137
2021-02-28,0.029196,0.026092
2021-03-31,0.030573,0.042439
2021-04-30,0.04819,0.052425
2021-05-31,0.007092,0.005486
2021-06-30,0.023422,0.022214
2021-07-31,0.011828,0.022748
2021-08-31,0.027147,0.02899
2021-09-30,-0.042243,-0.047569
2021-10-31,0.064651,0.069144
2021-11-30,-0.018351,-0.008334
2021-12-31,0.033341,0.043613
2022-01-31,-0.059822,-0.052585
2022-02-28,-0.021838,-0.031361
2022-03-31,0.030506,0.035773
2022-04-30,-0.089387,-0.087957
2022-05-31,-0.002113,5.3e-05
2022-06-30,-0.083997,-0.08392
2022-07-31,0.090351,0.091116
2022-08-31,-0.036233,-0.04244
2022-09-30,-0.091323,-0.093396
2022-10-31,0.077394,0.079863
2022-11-30,0.052354,0.053753
2022-12-31,-0.05712,-0.058972
2023-01-31,0.071823,0.061753
2023-02-28,-0.024666,-0.026113
2023-03-31,0.02395,0.035052
2023-04-30,0.008976,0.014642
2023-05-31,0.000709,0.002482
2023-06-30,0.066183,0.064728
2023-07-31,0.035618,0.031139
2023-08-31,-0.020608,-0.017716
2023-09-30,-0.047391,-0.048719
2023-10-31,-0.028865,-0.02198
2023-11-30,0.092053,0.089179
2023-12-31,0.053604,0.044229
2024-01-31,0.00756,0.015896
2024-02-29,0.050583,0.051721
2024-03-31,0.03245,0.031019
2024-04-30,-0.042724,-0.041615
2024-05-31,0.046552,0.048021
2024-06-30,0.026073,0.03467
2024-07-31,0.019877,0.011321
2024-08-31,0.02157,0.022835
2024-09-30,0.02097,0.020197
2024-10-31,-0.008299,-0.009897
2024-11-30,0.064859,0.057301
2024-12-31,-0.031581,-0.02499
2025-01-31,0.032292,0.027016
2025-02-28,-0.017566,-0.014242
2025-03-31,-0.055123,-0.057545
2025-04-30,-0.00361,-0.007625
2025-05-31,0.061267,0.061524
2025-06-30,0.049246,0.049607
2025-07-31,0.019791,0.021667
2025-08-31,0.024123,0.019066
2025-09-30,0.035626,0.035324
2025-10-31,0.019284,0.022687
2025-11-30,0.001997,0.0013
2025-12-31,0.001297,-0.000524
