mthcaldt,vwretd,sprtrn
31/01/2000,-0.039622,-0.050904
29/02/2000,0.031760,-0.020108
31/03/2000,0.053499,0.096720
28/04/2000,-0.059519,-0.030796
31/05/2000,-0.038863,-0.021915
30/06/2000,0.051577,0.023934
31/07/2000,-0.017679,-0.016341
31/08/2000,0.074984,0.060699
29/09/2000,-0.051154,-0.053483
31/10/2000,-0.024480,-0.004949
30/11/2000,-0.102365,-0.080069
29/12/2000,0.020450,0.004053
31/01/2001,0.039573,0.034637
28/02/2001,-0.099084,-0.092291
30/03/2001,-0.070408,-0.064205
30/04/2001,0.083834,0.076814
31/05/2001,0.010442,0.005090
29/06/2001,-0.017561,-0.025004
31/07/2001,-0.018284,-0.010773
31/08/2001,-0.058980,-0.064108
28/09/2001,-0.091497,-0.081723
31/10/2001,0.027847,0.018099
30/11/2001,0.078789,0.075176
31/12/2001,0.017854,0.007574
31/01/2002,-0.015966,-0.015574
28/02/2002,-0.021700,-0.020766
28/03/2002,0.044698,0.036739
30/04/2002,-0.049600,-0.061418
31/05/2002,-0.010510,-0.009081
28/06/2002,-0.070259,-0.072465
31/07/2002,-0.081125,-0.078995
30/08/2002,0.007949,0.004881
30/09/2002,-0.099923,-0.110013
31/10/2002,0.074940,0.086436
29/11/2002,0.061281,0.057070
31/12/2002,-0.053335,-0.060333
31/01/2003,-0.023367,-0.027415
28/02/2003,-0.015417,-0.017004
31/03/2003,0.010321,0.008358
30/04/2003,0.082768,0.081044
30/05/2003,0.063471,0.050899
30/06/2003,0.016346,0.011322
31/07/2003,0.023112,0.016224
29/08/2003,0.024965,0.017873
30/09/2003,-0.009120,-0.011944
31/10/2003,0.060361,0.054962
28/11/2003,0.016594,0.007129
31/12/2003,0.045476,0.050766
30/01/2004,0.023042,0.017276
27/02/2004,0.015443,0.012209
31/03/2004,-0.010662,-0.016359
30/04/2004,-0.024222,-0.016791
28/05/2004,0.014068,0.012084
30/06/2004,0.021611,0.017989
30/07/2004,-0.037698,-0.034291
31/08/2004,0.002703,0.002287
30/09/2004,0.020556,0.009364
29/10/2004,0.017806,0.014014
30/11/2004,0.048214,0.038595
31/12/2004,0.035170,0.032458
31/01/2005,-0.026546,-0.025291
28/02/2005,0.022646,0.018903
31/03/2005,-0.016944,-0.019118
29/04/2005,-0.025206,-0.020109
31/05/2005,0.037954,0.029952
30/06/2005,0.011529,-0.000143
29/07/2005,0.043357,0.035968
31/08/2005,-0.005958,-0.011222
30/09/2005,0.010600,0.006949
31/10/2005,-0.020866,-0.017741
30/11/2005,0.040326,0.035186
30/12/2005,0.003458,-0.000952
31/01/2006,0.040072,0.025467
28/02/2006,-0.001639,0.000453
31/03/2006,0.019065,0.011065
28/04/2006,0.013000,0.012187
31/05/2006,-0.031032,-0.030917
30/06/2006,-0.000391,0.000087
31/07/2006,-0.001912,0.005086
31/08/2006,0.025042,0.021274
29/09/2006,0.019425,0.024566
31/10/2006,0.037153,0.031508
30/11/2006,0.023737,0.016467
29/12/2006,0.010857,0.012616
31/01/2007,0.019387,0.014059
28/02/2007,-0.014006,-0.021846
30/03/2007,0.012954,0.009980
30/04/2007,0.039834,0.043291
31/05/2007,0.038953,0.032549
29/06/2007,-0.014747,-0.017816
31/07/2007,-0.031790,-0.031982
31/08/2007,0.011593,0.012864
28/09/2007,0.040822,0.035794
31/10/2007,0.025911,0.014822
30/11/2007,-0.049362,-0.044043
31/12/2007,-0.004405,-0.008629
31/01/2008,-0.062218,-0.061163
29/02/2008,-0.021697,-0.034761
31/03/2008,-0.010444,-0.005960
30/04/2008,0.051199,0.047547
30/05/2008,0.023935,0.010674
30/06/2008,-0.078436,-0.085962
31/07/2008,-0.013413,-0.009859
29/08/2008,0.010597,0.012191
30/09/2008,-0.098172,-0.090791
31/10/2008,-0.184833,-0.169425
28/11/2008,-0.084681,-0.074849
31/12/2008,0.022232,0.007822
30/01/2009,-0.077471,-0.085657
27/02/2009,-0.100166,-0.109931
31/03/2009,0.086803,0.085405
30/04/2009,0.109466,0.093925
29/05/2009,0.067787,0.053081
30/06/2009,-0.003019,0.000196
31/07/2009,0.081779,0.074142
31/08/2009,0.031510,0.033560
30/09/2009,0.045281,0.035723
30/10/2009,-0.028072,-0.019762
30/11/2009,0.057075,0.057364
31/12/2009,0.028475,0.017771
29/01/2010,-0.037172,-0.036974
26/02/2010,0.034744,0.028514
31/03/2010,0.063668,0.058796
30/04/2010,0.020036,0.014759
28/05/2010,-0.079240,-0.081976
30/06/2010,-0.050780,-0.053882
30/07/2010,0.070360,0.068778
31/08/2010,-0.042863,-0.047449
30/09/2010,0.091628,0.087551
29/10/2010,0.038591,0.036856
30/11/2010,0.005117,-0.002290
31/12/2010,0.067182,0.065300
31/01/2011,0.019183,0.022646
28/02/2011,0.038156,0.031957
31/03/2011,0.003341,-0.001047
29/04/2011,0.028597,0.028495
31/05/2011,-0.014948,-0.013501
30/06/2011,-0.018447,-0.018258
29/07/2011,-0.022534,-0.021474
31/08/2011,-0.057564,-0.056791
30/09/2011,-0.084983,-0.071762
31/10/2011,0.114146,0.107723
30/11/2011,-0.006270,-0.005059
30/12/2011,0.003676,0.008533
31/01/2012,0.054106,0.043583
29/02/2012,0.041225,0.040590
30/03/2012,0.024020,0.031332
30/04/2012,-0.006829,-0.007497
31/05/2012,-0.065590,-0.062651
29/06/2012,0.038151,0.039555
31/07/2012,0.010307,0.012598
31/08/2012,0.026317,0.019763
28/09/2012,0.026513,0.024236
31/10/2012,-0.014055,-0.019789
30/11/2012,0.006217,0.002847
31/12/2012,0.012569,0.007068
31/01/2013,0.054142,0.050428
28/02/2013,0.008282,0.011061
28/03/2013,0.035295,0.035988
30/04/2013,0.014939,0.018086
31/05/2013,0.019128,0.020763
28/06/2013,-0.015072,-0.014999
31/07/2013,0.052658,0.049462
30/08/2013,-0.025750,-0.031298
30/09/2013,0.037497,0.029750
31/10/2013,0.039889,0.044596
29/11/2013,0.024956,0.028050
31/12/2013,0.026140,0.023563
31/01/2014,-0.030020,-0.035583
28/02/2014,0.046198,0.043117
31/03/2014,0.004540,0.006932
30/04/2014,0.001573,0.006201
30/05/2014,0.020254,0.021030
30/06/2014,0.027973,0.019058
31/07/2014,-0.020555,-0.015080
29/08/2014,0.040205,0.037655
30/09/2014,-0.025196,-0.015514
31/10/2014,0.021164,0.023202
28/11/2014,0.021104,0.024534
31/12/2014,-0.003659,-0.004189
30/01/2015,-0.027163,-0.031041
27/02/2015,0.055915,0.054893
31/03/2015,-0.010397,-0.017396
30/04/2015,0.008766,0.008521
29/05/2015,0.010278,0.010491
30/06/2015,-0.019231,-0.021012
31/07/2015,0.012108,0.019742
31/08/2015,-0.059927,-0.062581
30/09/2015,-0.033756,-0.026443
30/10/2015,0.073937,0.082983
30/11/2015,0.002404,0.000505
31/12/2015,-0.022209,-0.017530
29/01/2016,-0.057085,-0.050735
29/02/2016,0.000620,-0.004128
31/03/2016,0.070491,0.065991
29/04/2016,0.011718,0.002699
31/05/2016,0.014340,0.015329
30/06/2016,0.002947,0.000906
29/07/2016,0.038815,0.035610
31/08/2016,0.002800,-0.001219
30/09/2016,0.003013,-0.001234
31/10/2016,-0.021544,-0.019426
30/11/2016,0.040488,0.034175
30/12/2016,0.018763,0.018201
31/01/2017,0.022153,0.017884
28/02/2017,0.032598,0.037198
31/03/2017,0.002062,-0.000389
28/04/2017,0.009655,0.009091
31/05/2017,0.009335,0.011576
30/06/2017,0.009571,0.004814
31/07/2017,0.020278,0.019349
31/08/2017,0.001600,0.000546
29/09/2017,0.023729,0.019303
31/10/2017,0.019275,0.022188
30/11/2017,0.027231,0.028083
29/12/2017,0.012122,0.009832
31/01/2018,0.050577,0.056179
28/02/2018,-0.039454,-0.038947
29/03/2018,-0.018421,-0.026885
30/04/2018,0.004679,0.002719
31/05/2018,0.026146,0.021608
29/06/2018,0.005359,0.004842
31/07/2018,0.031573,0.036022
31/08/2018,0.030226,0.030263
28/09/2018,0.000425,0.004294
31/10/2018,-0.074045,-0.069403
30/11/2018,0.018512,0.017859
31/12/2018,-0.089890,-0.091777
31/01/2019,0.088294,0.078684
28/02/2019,0.032724,0.029729
29/03/2019,0.012962,0.017924
30/04/2019,0.037893,0.039314
31/05/2019,-0.061679,-0.065778
28/06/2019,0.067279,0.068930
31/07/2019,0.011854,0.013128
30/08/2019,-0.020339,-0.018092
30/09/2019,0.016033,0.017181
31/10/2019,0.019257,0.020432
29/11/2019,0.034999,0.034047
31/12/2019,0.028489,0.028590
31/01/2020,-0.001728,-0.001628
28/02/2020,-0.077918,-0.084111
31/03/2020,-0.141733,-0.125119
30/04/2020,0.129674,0.126844
29/05/2020,0.053739,0.045282
30/06/2020,0.025299,0.018388
31/07/2020,0.055532,0.055101
31/08/2020,0.068442,0.070065
30/09/2020,-0.035056,-0.039228
30/10/2020,-0.020178,-0.027666
30/11/2020,0.123707,0.107546
31/12/2020,0.045048,0.037122
29/01/2021,-0.000631,-0.011137
26/02/2021,0.029196,0.026092
31/03/2021,0.030573,0.042439
30/04/2021,0.048190,0.052425
28/05/2021,0.007092,0.005486
30/06/2021,0.023422,0.022214
30/07/2021,0.011828,0.022748
31/08/2021,0.027147,0.028990
30/09/2021,-0.042243,-0.047569
29/10/2021,0.064651,0.069144
30/11/2021,-0.018351,-0.008334
31/12/2021,0.033341,0.043613
31/01/2022,-0.059822,-0.052585
28/02/2022,-0.021838,-0.031361
31/03/2022,0.030506,0.035773
29/04/2022,-0.089387,-0.087957
31/05/2022,-0.002113,0.000053
30/06/2022,-0.083997,-0.083920
29/07/2022,0.090351,0.091116
31/08/2022,-0.036233,-0.042440
30/09/2022,-0.091323,-0.093396
31/10/2022,0.077394,0.079863
30/11/2022,0.052354,0.053753
30/12/2022,-0.057120,-0.058972
31/01/2023,0.071823,0.061753
28/02/2023,-0.024666,-0.026113
31/03/2023,0.023950,0.035052
28/04/2023,0.008976,0.014642
31/05/2023,0.000709,0.002482
30/06/2023,0.066183,0.064728
31/07/2023,0.035618,0.031139
31/08/2023,-0.020608,-0.017716
29/09/2023,-0.047391,-0.048719
31/10/2023,-0.028865,-0.021980
30/11/2023,0.092053,0.089179
29/12/2023,0.053604,0.044229
31/01/2024,0.007560,0.015896
29/02/2024,0.050583,0.051721
28/03/2024,0.032450,0.031019
30/04/2024,-0.042724,-0.041615
31/05/2024,0.046552,0.048021
28/06/2024,0.026073,0.034670
31/07/2024,0.019877,0.011321
30/08/2024,0.021570,0.022835
30/09/2024,0.020970,0.020197
31/10/2024,-0.008299,-0.009897
29/11/2024,0.064859,0.057301
31/12/2024,-0.031581,-0.024990
31/01/2025,0.032292,0.027016
28/02/2025,-0.017566,-0.014242
31/03/2025,-0.055123,-0.057545
30/04/2025,-0.003610,-0.007625
30/05/2025,0.061267,0.061524
30/06/2025,0.049246,0.049607
31/07/2025,0.019791,0.021667
29/08/2025,0.024123,0.019066
30/09/2025,0.035626,0.035324
31/10/2025,0.019284,0.022687
28/11/2025,0.001997,0.001300
31/12/2025,0.001297,-0.000524
